Website.url,default_venue.RealmOwner.name,Scraper.scraper_type,scraper.RealmOwner.name,Scraper.scraper_aux
http://www.averybrewing.com/index.php?option=com_googlecalendar&Itemid=70,v-avery,Google,,
http://www.barbedwirebooks.net/calendar/calendar.htm,v-barbedwire,Google,,
http://boulderjcc.org/Calendar/Home.aspx,v-jcc,Google,,"{
  reject_event => {
    description => qr/(type\s*=\s*class)|(^$)/i,
    summary => qr/\bPAL\b/i,
  },
  accept_event => {
    location => qr/3800\s+Kalmia/i,
  },
},
"
http://test.bunit/cal,v-bunit_venue,Google,,
http://www.caffesole.com/events.html,v-caffesole,Google,,
http://cannonmine.net/index.php/calendar/Cannon%20Mine%20Calendar%20of%20events,v-cannonmine,Google,,
http://ciatanowinery.com/winery/content/view/33/44/,v-ciantano,Google,,"{
  accept_event => {
    location => qr/ciatano winery/i,
  },
}
"
http://www.coloradofeedandgrain.com/events.html,v-feedandgrain,Google,,
http://www.dickensoperahouse.com/calendar.htm,v-dickensopera,Google,,
http://www.johnnyscigars.com/calendar/,v-cigar,Google,,"{
  reject_event => {
    summary => qr/happy\s+hour/i,
  },
}
"
http://www.madcapimprov.com/ourshows/ticketsandtimes.html,v-madcapimprov,Google,,
http://myparentingplace.org/calendar/play-groups-and-support-groups-schedule-2/,v-parentingplace,Google,,"{
    accept_event => {
        location => qr/boulder/i,
    },
    reject_event => {
      summary => qr/no groups or classes/i,
      description => qr/(administrative retreat)|(\bninos\b)/i,
    },
}
"
http://www.thedraftsportsgrill.com/frames/calendars/monthly.htm,v-thedraftsportsgrill,Google,,"{
  reject_event => {
    summary => qr/guy\'s night|ladies night|wine.*drafts/i,
  },
}
"
http://thelaughinggoat.com/events.php,v-thelaughinggoat,Google,,
http://www.wowmuseum.com/calendar.html,v-wow,Google,,"{
    accept_event => {
      location => qr/Lafayette/i,
    },
}
"
http://boulderbookstore.indiebound.com/event,v-boulderbookstore,ICalendar,,
http://lannies.com/?page_id=6735,v-lannies,ICalendar,,"{
  reject_event => {
    summary => qr/date is moving/i
  },
}
"
http://www.cubuffs.com/export/icalendar.dbml?SPSID=3932&SPID=259&DB_LANG=C&DB_OEM_ID=600&db_oem_id=600&season=2011&sport_id=259,v-cu_prentup,ICalendar,,"{
  accept_event => {
    location => qr/boulder/i,
  },
}
"
http://events.colorado.edu/EventList.aspx?view=Summary,,Active Data,cu_scraper,"{
  location_to_venue => {
    qr/1085 18th Street/i => 'cu_art',
    qr/1606 Central Campus Mall/i => 'cu_cristol',
    qr/2000 Colorado Av/i => 'cu_duane',
    qr/1020 18th Street/i => 'cu_imig',
    qr/1595 Pleasant St/i => 'cu_macky',
    qr/408 UCB/i => 'cu_fiske',
    qr/1669 Euclid Av/i => 'cu_umc',
    qr/1157 18TH ST/i => 'cu_norlin',
    qr/1515 CENTRAL CAMPUS MALL/i => 'cu_lofttheatre',
    qr/1030 Broadway/i => 'cu_museum',
    qr/1905 COLORADO AV/i => 'cu_muenzinger',
  },
}
"
http://events.boulderlibrary.org?lib=2,v-bpl_reynolds,Evanced,,
http://events.boulderlibrary.org?lib=0,v-bpl_main,Evanced,,"{
  reject_event => {
    summary => qr/canceled/i,
  },
}
"
http://events.boulderlibrary.org?lib=3,v-bpl_meadows,Evanced,,
http://www.bmoca.org/feed/,v-bmoca,RSS,,"{
  reject_event => {
    summary => qr/working title/i,
  },
  once => [
    [qr/$month\s+$day,\s+$year\; $time_ap(?: to $time_ap)?[.;]\s*\](.*)/is => {
      fields => [qw(month day year start_time end_time description)],
    }],
  ],
}
"
http://www.localendar.com/public/long49?style=M3,v-jazzatjacks,RSS,,"{
  reject_event => {
    summary => qr/happy|\$/i,
  },
  repeat => [
    [qr/$day_name, $day $month $year $time_ap/ => {
      fields => [qw(day_name day month year start_time)],
    }],
  ],
}
"
http://www.rei.com/storesrss/44,v-rei,RSS,,"{
  accept_event => {
    location => qr/Boulder REI/is,
  },
  once => [
    [qr/(.*?)Session Info.*?$date.*?$time_span.*Location(.*?)Price/is, {
        fields => [qw(description date start_time end_time location)],
    }],
  ],
}
"
http://bouldersymphony.org/category/2011-2012-season/feed/,,RSS,bouldersymphony_scraper,"{
  location_to_venue => {
    qr/first presbyterian/i => 'firstpresbyterian',
    qr/bethany lutheran/i => 'bethanylutheran',
    qr/mountain view/i => 'mountainview',
    qr/first united/i => 'firstunited',
  },
  once => [
    [qr/\n\n(.*)/is => {
      fields => [qw(description)],
    }],
  ],
  repeat => [
    [qr/$month\.?\s+$day,?\s+$time_ap \($day_name\)(\n$month.*?\n$line)/is => {
      fields => [qw(month day start_time day_name save ignore location)],
    }],
    [qr/($month\.?\s+$day,?\s+)$time_ap \& ($time_ap \($day_name\)\s+$line)/is => {
      fields => [qw(save month day start_time save ignore day_name location)],
    }],
    [qr/$month\.?\s+$day,?\s+$time_ap \($day_name\)\s+$line/is => {
      fields => [qw(month day start_time day_name location)],
    }],
  ],
}
"
http://www.stjulien.com/events-entertainment,v-stjulien,Full Calendar,,
http://www.mountainsunpub.com/BosDatesLite200/calendar.php,,Bos Dates,mountainsunpub_scraper,"{
  location_to_venue => {
    qr/mountain/i => 'mountainsun',
    qr/southern/i => 'southernsun',
  },
  once => [
    [qr/(.*)\@(.*)/ => {
      fields => [qw(summary location)],
    }],
  ],
}
"
http://www.thelazydog.com/data/calendars.xml,v-lazydog,Calendar Manager Data,,
http://www.boulderdowntown.com/events,v-pearlst,Reg Exp,,"{
  repeat => [
    [qr/(Featured Events in Downtown Boulder\n+)([^\n]+?\{.*\})\n/i => {
      fields => [qw(save link)],
      follow_link => {
        once => [
          [qr/\n+([^\n]+)\n+Date\:/i => {
            fields => [qw(summary)],
          }],
          [qr/\n+Date\: $day_name $month $day, $year\n/i => {
            fields => [qw(day_name month day year)],
          }],
          [qr/\nTime\:\s*$time_span/is => {
              fields => [qw(start_time end_time)],
          }],
         [qr/\nTime\:\s*$time_ap/is => {
              fields => [qw(start_time)],
          }],
          [qr/Time\:.*?\n(.*?)\nFacebook/is => {
             fields => [qw(description)],
          }],
        ],
      },
    }],
  ],
}
"
http://1stbankcenter.com/events/,v-firstbankcenter,Reg Exp,,"{
  pager => {
    link => qr/(Next >>\{\d+\})/i,
    page_count => 3,
  },
  repeat => [
    [qr/(All Dates\n+)(?:[^\n]+[^}]\n)*([^\n]+\})\n(?:[^\n]+\n)*?$month $day, $year, $time_ap\n.*?\n\n/s => {
      fields => [qw(save summary month day year start_time)],
      follow_link => {
        once => [
          [qr/Ticket Prices[^\n]+\n+.*?(?:(?:\n|[^\n]+\}\n))+(?:[^\n]+\}\n)+\n(.*?)\n{3}/si => {
            fields => [qw(description)],
          }],
        ],
      },
    }],
  ],
}
"
http://www.3kingstavern.com/calendar/,v-threekingstavern,Reg Exp,,"{
  reject_event => {
    summary => qr/w\/.*/i,
  },
  accept_event => {
    location => qr/Three Kings Tavern/i,
  },
  pager => {
    link => qr/\n($month .\{\d+\})\n/,
    page_count => '3',
  },
  repeat => [
    [qr/$day\n((.+?\}))\n$time_ap/ => {
      fields => [qw(ignore link url ignore)],
      follow_link => {
        once => [
          [qr/$line\n+$day_name, $month, $day/ => {
            fields => [qw(summary day_name month day year)],
          }],
          [qr/(.+?)\n(.+?)\n+$day_name, $month, $day/ => {
            fields => [qw(summary description day_name month day year)],
          }],
          [qr/(.+?\})\n$time_ap/ => {
            fields => [qw(location start_time)],
          }],
        ],
      },
    }],
  ],
}
"
http://www.appaloosagrill.com/music,v-appaloosagrill,Reg Exp,,"{
  repeat => [
    [qr/$day.*\}\n$line/ => {
      fields => [qw(day summary)],
      follow_link => {
        once => [
          [qr/$day_name, $month $day $year, $time_ap/ => {
            fields => [qw(day_name month day year start_time)],
          }],
        ],
      },
    }],
  ],
}
"
http://arvadacenter.org/on-stage,v-arvadacenter,Reg Exp,,"{
  repeat => [
    [qr/(.+?\})\n$month $day\nbuy tickets.*\}/i => {
      fields => [qw(summary ignore ignore)],
      follow_link => {
        once => [
          [qr/$month $day, $year\n+$line\n+.*?starts.*?$time_ap/ => {
            fields => [qw(month day year ignore start_time)],
          }],
        ],
      },
    }],
  ],
}
"
http://www.bandimere.com/calendar/,v-bandimere,Reg Exp,,"{
  pager => {
    link => qr/\d{4}(\n$month\{\d+\}\n)/,
    page_count => 3,
  },
  repeat => [
    [qr/$day\n(.+?\})/ => {
      fields => [qw(ignore summary)],
      follow_link => {
        once => [
          [qr/first run: $time_ap/i => {
            fields => [qw(start_time)],
          }],
          [qr/$day_name, $month $day, $year/ => {
            fields => [qw(day_name month day year)],
          }],
          [qr/\n+([^}]+)$/s => {
            fields => [qw(description)],
          }],
        ],
      },
    }],
  ],
}
"
http://store-locator.barnesandnoble.com/store/2333,v-barnesandnoble,Reg Exp,,"{
  pager => {
    link => qr/\n(next\{\d+\})/is,
    page_count => 3,
  },
  repeat => [
    [qr/((about this event.*))$/mi => {
      fields => [qw(link url)],
      follow_link => {
        once => [
          [qr/Event Icon\n+$line(.*?)\n\w+\s+$month\s+$day,\s+$year\s+$time_ap/s => {
            fields => [qw(summary description month day year start_time)],
          }],
        ],
      },
    }],
  ],
}
"
http://www.benderstavern.com/calendar/,v-benderstavern,Reg Exp,,"{
  reject_event => {
    summary => qr/Bingo yo/i,
   },
  pager => {
    link => qr/(\n$month .\{\d+\}\n)/,
    page_count => 3,
  },
  once => [
    [qr/$month $year/ => {
      fields => [qw(month year)],
    }],
  ],
  repeat => [
    [qr/(.+?)\n$time_ap/ => {
      fields => [qw(summary ignore)],
      follow_link => {
        once => [
          [qr/$day_name, \d+\/$day $time_ap/ => {
            fields => [qw(day_name day start_time)],
          }],
        ],
      },
    }],
  ],
}
"
http://fla.vor.us/wafform.aspx?_act=eventlisting&ClientID=642,v-betanightclub,Reg Exp,,"{
  repeat => [
    [qr/(.+?\})\n+(.+?)\n$month $day $year\n/ => {
      fields => [qw(summary ignore month day year)],
      follow_link => {
        once => [
          [qr/show starts at\n+$time_ap/i => {
            fields => [qw(start_time)],
          }],
        ],
      },
    }],
  ],
}
"
http://bluebirdtheater.net/events.php,v-bluebirdtheater,Reg Exp,,"{
  pager => {
    link => qr/(Next >>.*\})/i,
    page_count => 3,
  },
  reject_event => {
    summary => qr/with/i,
  },
  repeat => [
    [qr/(.+?)\n(.+?)\n$month $day, $year, $time_ap/ => {
      fields => [qw(summary description month day year start_time)],
    }],
    [qr/(.+?)\n$month $day, $year, $time_ap/ => {
      fields => [qw(summary month day year start_time)],
    }],
  ],
}
"
http://www.cityoflafayette.com/Calendar.asp,v-cityoflafayettereccenter,Reg Exp,,"{
  accept_event => {
    location => qr/Bob L. Burger Recreation Center/i,
  },
  repeat => [
    [qr/$time_ap\n$line/i=> {
      fields => [qw(ignore summary)],
      follow_link => {
        once => [
          [qr/Location:\n+$line/i => {
            fields => [qw(location)],
          }],
          [qr/Details:\n+$line/i => {
            fields => [qw(description)],
          }],
          [qr/Starts:\n$time_ap\n+Ends:\n$time_ap/i => {
            fields => [qw(start_time end_time)],
          }],
          [qr/$day_name, $month $day, $year\n+SET REMINDER/i => {
            fields => [qw(day_name month day year)],
          }],
        ],
      },
    }],
  ],
}
"
http://coloradosymphony.org/current-season/all/,v-boettcherconcert,Reg Exp,,"{
  repeat => [
    [qr/(.*\n$month $year\n).*?\n$day_name $day\n$line\n+(Learn More.*?)\n+.*?Ticket Information.*?\n/is => {
      fields => [qw(save month year day_name day summary link)],
      follow_link => {
        once => [
          [qr/\n$day_name $time_ap\n+(.*?)\nTicket Information/is => {
            fields => [qw(day_name start_time description)],
          }],
        ],
      },
    }],
  ],
}
"
http://www.boulderhistory.org/calendar.asp,v-historymuseum,Reg Exp,,"{
  accept_event => {
    location => qr/Boulder History Museum/i,
  },
  reject_event => {
    summary => qr/Free First Sundays/i,
  },
  repeat => [
    [qr/$day_name, $month $day, $year\n$line/ => {
      fields => [qw(day_name month day year summary)],
      follow_link => {
        once => [
          [qr/$day_name, $month $day, $year\n$time_ap\n+$line(.*?)\n+Event Location:\n$line/is => {
            fields => [qw(day_name month day year start_time ignore description location)],
          }],
          [qr/$day_name, $month $day, $year\n$time_span\n+$line(.*?)\n+Event Location:\n$line/is => {
            fields => [qw(day_name month day year start_time end_time ignore description location)],
          }],
        ],
      },
    }],
  ],
}
"
http://www.boulderoutlook.com/musiccalendar.html,v-boulderoutlook,Reg Exp,,"{
  repeat => [
    [qr/(?:$month (\d{4}).*?)?(\n$day\n)((?:[^\n]{3,}|\n)+?)\n$time_span/s => {
      fields => [qw(month year save day summary start_time end_time)],
    }],
  ],
}
"
http://www.bouldertheater.com/,v-bouldertheatre,Reg Exp,,"{
  repeat => [
    [qr/\n$month_day(?:\n| )$line/s => {
      fields => [qw(month_day summary)],
      follow_link => {
        once => [
          [qr/^Date\/Time: $month $day, $year, $time_ap/im => {
            fields => [qw(month day year start_time)],
          }],
          [qr/\n\d+\/\d+\n[^\n]+\n{3,}(.*?)\nmon\/year/s => {
            fields => [qw(description)],
          }],
        ],
      },
    }],
  ],
}
"
http://www.bovinemetropolis.com/improv/bovine/view=BOV006,v-bovinemetropolis,Reg Exp,,"{
  pre_parse_html => sub {
    my($html) = @_;
    $$html =~ s{<td[^>]+?class=""othermonth"".*?</td>}{}sg;
    return;
  },
  pager => {
    link => qr/\n(\w+ >>\{\d+\})/i,
    page_count => 3,
  },
  once => [
    [qr/$month $year Sunday/i => {
      fields => [qw(month year)],
    }],
  ],
  repeat => [
    [qr/(\n$day\n)$time_ap\n$line/ => {
      fields => [qw(save day start_time summary)],
      follow_link => {
        once => [
          [qr/Players\{\d+\}\n+$line\n*$line\n*(.+?)\nTickets/is => {
            fields => [qw(ignore ignore description)],
          }],
        ],
      },
    }],
  ],
}
"
http://www.bridgewatergrill.com/live-music,v-bridgewatergrill,Reg Exp,,"{
  reject_event => {
    summary => qr/no music/i,
  },
  once => [
    [qr/evenings $time_ap to $time_ap/i => {
      fields => [qw(start_time end_time)],
    }],
  ],
  repeat => [
    [qr/$month (\d+).*?\n+$line/ => {
      fields => [qw(month day summary)],
    }],
  ],
}
"
http://www.budweisereventscenter.com/calendar.cfm,v-budweisereventscenter,Reg Exp,,"{
  pager => {
    link => qr/\n\w{3}\n($month\{\d+\})/,
    page_count => 2,
  },
  once => [
    [qr/$month $year\n+next month/i => {
      fields => [qw(ignore year)],
    }],
  ],
  repeat => [
    [qr/$day\n+(.+?\})\n$time_ap/ => {
      fields => [qw(ignore summary ignore)],
      follow_link => {
        once => [
          [qr/$day_name, $month $day, $year - $time_ap\n$line\n+$line/ => {
            fields => [qw(day_name month day year start_time ignore description)],
          }],
        ],
      },
    }],
  ],
}
"
http://www.butterflies.org/events/calendar.php,v-butterflies,Reg Exp,,"{
  once => [
    [qr/event dates for $year/i => {
      fields => [qw(year)],
    }],
    [qr/\n$day_name\n$month\. $day\n(Tripod Photography.*\})\n/i => {
      fields => [qw(ignore ignore ignore summary)],
      follow_link => {
        once => [
          [qr/Adopt a Butterfly\{\d+\}\n\n\n$line/i => {
            fields => [qw(description)],
          }],
        ],
        repeat => [
          [qr/$month $day\n$time_ap/ => {
            fields => [qw(month day start_time)],
          }],
        ],
      },
    }],
    [qr/\n$day_name\n$month\. $day\n(Sunset Stroll.*\})\n/i => {
      fields => [qw(ignore ignore ignore summary)],
      follow_link => {
        once => [
          [qr/Adopt a Butterfly\{\d+\}\n\n\n$line/i => {
            fields => [qw(description)],
          }],
        ],
        repeat => [
          [qr/$month $day\n$time_span/ => {
            fields => [qw(month day start_time end_time)],
          }],
        ],
      },
    }],
  ],
}
"
http://www.cervantesmasterpiece.com/calendar/view,v-cervantesmasterpiece,Reg Exp,,"{
  accept_event => {
    location => qr/cervantes/i,
  },
  reject_event => {
    location => qr/cancelled/i,
  },
  once => [
    [qr/$month $year/ => {
      fields => [qw(month year)],
    }],
  ],
  repeat => [
    [qr/$day\n(.+?)\n$time_ap@(.+?)\n/ => {
      fields => [qw(day summary start_time location)],
    }],
  ],
}
"
http://www.chautauqua.com/upcoming_events.php,v-chautauqua,Reg Exp,,"{
  repeat => [
    [qr/(view all.*?\})/i => {
      fields => [qw(link)],
      follow_link => {
        repeat => [
          [qr{((?:[^\n]+\n)+)\w+,\s*$month\s+$day,\s+$year,\s+$time_ap.*?\n\n((?:[^\n]+\n)+)\n}s, {
            fields => [qw(summary month day year start_time description)],
          }],
        ],
      },
    }],
  ],
}
"
http://www.cityparkjazz.org/schedule.html,v-cityparkpavilion,Reg Exp,,"{
  accept_event => {
    location => qr/pavilion.*city park/i,
  },
  once => [
    [qr/all $year summer concerts are from (\d+) - $time_ap at the (.+?)\n/i => {
      fields => [qw(ignore start_time_pm end_time location)],
    }],
  ],
  repeat => [
    [qr/$month $day, $year - $line\n+$line/ => {
      fields => [qw(month day year summary description)],
    }],
  ],
}
"
http://www.bfjung.org/index.php?option=com_content&view=article&id=121&Itemid=101,v-churchofchrist,Reg Exp,,"{
  repeat => [
    [qr/\: $month $day, $year\s+$line.*?Registration.*?$time_ap.*?\n\n(\w[^\n]{80}.*?)\n\n/is => {
      fields => [qw(month day year summary start_time description)],
    }],
  ],
}
"
http://www.conoroneills.com/boulder/calendar/month.php,v-conoroneill,Reg Exp,,"{
  pager => {
    link => qr/(next month\s*>>.*?\})/i,
    page_count => 2,
  },
  reject_event => {
    summary => qr/\$|Drink Specials|Open stage/i,
  },
  once => [
    [qr/Monthly calendar for\s*$month $year/is => {
      fields => [qw(month year)],
    }],
    [qr/(10pm)/ => {
      fields => [qw(start_time)],
    }],
  ],
  repeat => [
    [qr/(\n$day\{\d+\}\n+)([^\n]{8}.*?\}\n)/i => {
      fields => [qw(save day summary)],
      follow_link => {
        once => [
          [qr/$time_ap/ => {
            fields => [qw(start_time)],
          }],
        ],
      },
    }],
  ],
}
"
http://www.curioustheatre.org/index.php?s=20,v-curioustheatre,Reg Exp,,"{
  pager => {
    link => qr/(\>\>.*\})/,
    page_count => 3,
  },
  repeat => [
    [qr/$day\n(.+?\})/ => {
      fields => [qw(ignore summary)],
      follow_link => {
        once => [
          [qr/$day_name, $month $day, $year\n$time_ap/ => {
            fields => [qw(day_name month day year start_time)],
          }],
          [qr/\$\d+.*\n+$line/ => {
            fields => [qw(description)],
          }],
        ],
      },
    }],
  ],
}
"
http://www.chezcuvee.com/live_music/,v-cuvee,Reg Exp,,"{
  once => [
    [qr/from $time_span/i => {
      fields => [qw(start_time end_time)],
    }],
  ],
  repeat => [
    [qr/^$day_name\.?,?\s+$month\.?\s+$day\n+$line/m => {
      fields => [qw(day_name month day summary)],
    }],
  ],
}
"
http://www.dazzlejazz.com/index.php?s=20,v-dazzlejazz,Reg Exp,,"{
  pager => {
    link => qr/\d{4}\n(\>\>\{\d+\}\n)/,
    page_count => 3,
  },
  repeat => [
    [qr/($day)\n(.+?\})/ => {
      fields => [qw(save ignore summary)],
      follow_link => {
        once => [
          [qr/$day_name, $month $day, $year/ => {
            fields => [qw(day_name month day year)],
          }],
          [qr/.*$time_ap :: (.+?) ::.*?\n+(.+?\n+.+?\n)/ => {
            fields => [qw(start_time ignore description)],
          }],
        ],
      },
    }],
  ],
}
"
http://www.atasteofcolorado.com/music_main.asp,v-atasteofcolorado,Reg Exp,,"{
  repeat => [
    [qr/$day_name, $month $day, $time_ap\n.+? by\n.+?\}\n+$line/ => {
      fields => [qw(day_name month day start_time summary)],
    }],
  ],
}
"
http://www.denvercoliseum.com/EventCalendar.aspx,v-denvercoliseum,Reg Exp,,"{
  repeat => [
    [qr/$day_name, $month $day, $year\n+$line\n+(.+?)\n+$time_ap\n(.+?)/ => {
      fields => [qw(day_name month day year ignore summary start_time location)],
    }],
  ],
}
"
http://www.dickssportinggoodspark.com/Stadium/Events.aspx,v-dickssportinggoodspark,Reg Exp,,"{
  repeat => [
    [qr/(.+?)\n$month $day, $year at $time_ap.*\n$line/i => {
      fields => [qw(summary month day year start_time description)],
    }],
  ],
}
"
http://elitchgardens.com/entertainment/concerts/,v-elitchgardens,Reg Exp,,"{
  default_values => {
    start_time => '7 pm',
  },
  repeat => [
    [qr/$month $day\n$line\n+$line/ => {
      fields => [qw(month day summary description)],
    }],
  ],
  once => [
    [qr/$year concert series/i => {
      fields => [qw(year)],
    }],
  ],
}
"
http://www.operacolorado.org/about/calendar/,v-operacolorado,Reg Exp,,"{
  accept_event => {
    location => qr/ellie caulkins opera house/i,
  },
  repeat => [
    [qr/$line\n*$day_name, $month $day, $year at $time_ap\n$line/ => {
      fields => [qw(summary day_name month day year start_time location)],
    }],
  ],
}
"
http://www.flatironcrossing.com/Events?list=all,v-flatironcrossing,Reg Exp,,"{
  once => [
    [qr/summer nights concert series\s*$month $day, $year\s*($line)/is => {
      fields => [qw(ignore ignore year link url)],
      follow_link => {
        once => [
          [qr/beginning at $time_ap/is => {
            fields => [qw(start_time)],
          }],
          [qr/(summer nights concert series)/i => {
            fields => [qw(description)],
          }],
        ],
        repeat => [
          [qr/$month $day\s*\-\s*(.*?)\n(click here.*\})/ => {
            fields => [qw(month day summary url)],
          }],
        ],
      },
    }],
  ],
}
"
http://www.foothillsanimalshelter.org/news-events/events/,v-foothillsanimalshelter,Reg Exp,,"{
  accept_event => {
    location => qr/foothills animal shelter/i,
  },
  repeat => [
    [qr/$line\n+$day_name, $month $day\n+$time_span\n+$line\n+$line/ => {
      fields => [qw(summary day_name month day start_time end_time location description)],
    }],
  ],
}
"
http://foxtheatre.com/Store/ChooseTicket.aspx,v-foxtheatre,Reg Exp,,"{
    repeat => [
 [qr{^$month_day\s+(.*?)\s*$}m, {
     fields => [qw(month_day summary)],
     follow_link => {
  once => [
      [qr{\bshow\:\s*$time_ap}i, {
   fields => ['start_time'],
      }],
      [qr{about this show.*?\n+(.*?)\n}is, {
   fields => ['description'],
      }],
  ],
     }
 }],
    ],
}
"
http://www.frascafoodandwine.com/calendar.html,v-frascafoodandwine,Reg Exp,,"{
  default_values => {
    start_time => '5:30pm',
  },
  once => [
    [qr/$year Calendar/i => {
      fields => [qw(year)],
    }],
  ],
  repeat => [
    [qr/$day_name, $month $day.*\n$line/ => {
      fields => [qw(day_name month day summary)],
    }],
  ],
}
"
http://www.goldhillinn.com/music.html,v-goldhill,Reg Exp,,"{
  repeat => [
    [qr/\n$month $day\s*\-?\s*$time_span\s*\-?$line/ => {
      fields => [qw(month day start_time end_time summary)],
    }],
    [qr/\n$day_name, $month $day\s*\-?\s*$time_ap\n$line(.*?)\n\n/s => {
      fields => [qw(day_name month day start_time summary description)],
    }],
    [qr/\n$day_name, $month $day\s*\-?\s*$time_span\n$line(.*?)\n\n/s => {
      fields => [qw(day_name month day start_time end_time summary description)],
    }],
  ],
}
"
http://www.gothictheatre.com/calendar/,v-gothictheatre,Reg Exp,,"{
  pager => {
    link => qr/\n($month.*?\{\d+\})\n/,
    page_count => 3,
  },
  accept_event => {
    location => qr/gothic theatre/i,
  },
  once => [
    [qr/$month $year/ => {
      fields => [qw(month year)],
    }],
  ],
  repeat => [
    [qr/$day\n(.+?\})\n$time_ap\@\s*$line/ => {
      fields => [qw(day summary start_time location)],
    }],
  ],
}
"
http://www.grizzlyrose.com/calendar/default.html,v-grizzlyrose,Reg Exp,,"{
  default_values => {
    start_time => '8:30 pm',
  },
  repeat => [
    [qr/\n$month $day\n+(.+?\})\n(.+?\})/ => {
      fields => [qw(month day summary description)],
    }],
    [qr/\n$month $day\n+(.+?\})/ => {
      fields => [qw(month day summary)],
    }],
  ],
}
"
http://www.harlequinsgardens.com/classes/,v-harlequin,Reg Exp,,"{
  once => [
    [qr/EVENTS for $year/ => {
      fields => [qw(year)],
    }],
  ],
  repeat => [
    [qr/$month $day, (.*?)\.(.*?)$time_ap\n/ => {
      fields => [qw(month day summary description start_time)],
    }],
  ],
}
"
http://www.harmonymusichouse.com/concerts,v-harmonymusic,Reg Exp,,"{
  repeat => [
    [qr/\nBuy Tickets$line/ => {
      fields => [qw(link)],
      follow_link => {
        pre_parse_html => sub {
          my($html) = @_;
          $$html =~ s/alt="".*?""//g;
          return;
        },
        once => [
          [qr/\nDate.*?$month $day,? $year,? $time_ap/i => {
            fields => [qw(month day year start_time)],
          }],
          [qr/\nConcerts\n+$line+\n+$line(.*?)Tickets/is => {
            fields => [qw(ignore summary description)],
          }],
        ],
      },
    }],
  ],
}
"
http://www.herbsbar.com/events.cfm,v-herbsbar,Reg Exp,,"{
  accept_event => {
    location => qr/herb/i,
  },
  pager => {
    link => qr/(Next \>\>.*\})/i,
    page_count => 2,
  },
  repeat => [
    [qr/$day_name, $month $day\n(.+?)\n$time_ap\n$line/ => {
      fields => [qw(day_name month day summary start_time location)],
    }],
  ],
}
"
http://www.hermanshideaway.com/calendar,v-hermanshideaway,Reg Exp,,"{
  pager => {
    link => qr/(\n$month .\{\d+\}\n)/,
    page_count => 2,
  },
  repeat => [
    [qr/$day\n(.+?\})\n$time_ap/ => {
      fields => [qw(ignore summary ignore)],
      follow_link => {
        once => [
          [qr/$day_name, $month $day/is => {
            fields => [qw(day_name month day)],
          }],
          [qr/show $time_ap/i => {
            fields => [qw(start_time)],
          }],
        ],
      },
    }],
  ],
}
"
http://www.heritagesquare.info/events.html,v-heritagesquare,Reg Exp,,"{
  repeat => [
    [qr/$month $day\s*$line\s*$line\s*$time_ap/s => {
      fields => [qw(month day ignore summary start_time)],
    }],
  ],
}
"
http://www.hi-dive.com/,v-hi_dive,Reg Exp,,"{
  repeat => [
    [qr/$day_name, $month $day.*\n+$line/ => {
      fields => [qw(day_name month day link)],
      follow_link => {
        once => [
          [qr/^(.*?) on \d+\/.*?at (Hi-Dive)\n/i => {
            fields => [qw(summary location)],
          }],
          [qr/Show at $time_ap/i => {
            fields => [qw(start_time)],
          }],
          [qr/\nAdd 1 2.*?\n+$line\n*(.*?)\((Read More|Add To Favorites)/is => {
            fields => [qw(ignore description)],
          }],
        ],
      },
    }],
  ],
}
"
http://www.hodishalfnote.com/,v-hodishalfnote,Reg Exp,,"{
  repeat => [
    [qr/(($date \d+\:\d+\:\d+.*\}))\n$line/ => {
      fields => [qw(link url date summary)],
      follow_link => {
        once => [
          [qr/\nBuy Tickets.*?\n(?:\n+[^\n]+?\})+\n*($line+)/is => {
            fields => [qw(description)],
          }],
          [qr/$year $time_ap/ => {
            fields => [qw(ignore start_time)],
          }],
        ],
      },
    }],
  ],
}
"
http://www.boulderado.com/musiconthemezz.html,v-boulderado,Reg Exp,,"{
  once => [
    [qr/$time_ap\s*\-\s*$time_ap Live Music/, {
      fields => [qw(start_time end_time)],
    }],
  ],
  repeat => [
    [qr/\n$day_name,\s*$month\s+$day\s*~\s*([^\n]+)(.*?)(\n+$day_name|MENU)/s, {
      fields => [qw(day_name month day summary description save)],
    }],
  ],
}
"
http://www.hudsongardens.org/content/concerts2011.php,v-hudsongardens,Reg Exp,,"{
  default_values => {
    start_time => '6:30 pm',
  },
  once => [
    [qr/$year schedule/i, => {
      fields => [qw(year)],
    }],
  ],
  repeat => [
    [qr/(.+?) - $day_name, $month $day\n$line/i => {
      fields => [qw(summary day_name month day description)],
    }],
  ],
}
"
http://www.boulderhumane.org/get-involved/events-calendar,v-boulderhumane,Reg Exp,,"{
  repeat => [
    [qr/$line\n+(.+?\n.+?\n.+?)\n+$line?\n+Where: (.+?)\n.*?\n+When: $date \- $time_ap \- $time_ap/ => {
      fields => [qw(summary description ignore location date start_time end_time)],
    }],
  ],
}
"
http://www.innisfreepoetry.com/,v-innisfree,Reg Exp,,"{
  repeat => [
    [qr/\n$day_name $month $day\s*\-?\s*(.*?) at $time_ap\n+($month|$line)/ => {
      fields => [qw(day_name month day summary start_time save ignore description)],
    }],
    [qr/\n$day_name $month $day\s*\-?\s*$time_ap\s*\-?\s*$line\n*($month|$line)/ => {
      fields => [qw(day_name month day start_time summary save ignore description)],
    }],
  ],
}
"
http://www.invescofieldatmilehigh.com/index.php?section=calendar_events&subsection=overview,v-invescofieldatmilehigh,Reg Exp,,"{
  pager => {
    link => qr/(>>\{\d+\})/,
    page_count => 3,
  },
  once => [
    [qr/$month $year/ => {
      fields => [qw(month year)],
    }],
  ],
  repeat => [
    [qr/$day\n+(\D+): $time_ap.*\}\n/ => {
      fields => [qw(day summary start_time)],
    }],
    [qr/$day\n+(\D+), $time_ap.*\}\n/ => {
      fields => [qw(day summary start_time)],
    }],
    [qr/$day\n+(\D+\{\d+\})\n+/ => {
      fields => [qw(day summary)],
      follow_link => {
        once => [
          [qr/\n$day_name, $month $day, $year $time_ap/ => {
            fields => [qw(ignore ignore ignore ignore start_time)],
          }],
        ],
      },
    }],
  ],
}
"
http://www.jazzon2ndave.com/performance-schedule.html,v-jazzon2ndave,Reg Exp,,"{
  max_start_hour => 8,
  default_values => {
    month => 'August',
    day => '20',
    year => '2011',
  },
  repeat => [
    [qr/\n$time(.+?)\n\((.+?)\)\n+$line/s => {
      fields => [qw(start_time summary description url)],
    }],
  ],
}
"
http://larimerlounge.com/calendar.cfm,v-larimerlounge,Reg Exp,,"{
  reject_event => {
    summary => qr/happy hour/i,
  },
  repeat => [
    [qr/((view details\{\d+\}))/i => {
      fields => [qw(link url)],
      follow_link => {
        once => [
          [qr/$day_name $month $day \| $line\n+$line/ => {
            fields => [qw(day_name month day ignore summary)],
          }],
          [qr/$time_ap\n+doors open/i => {
            fields => [qw(start_time)],
          }],
          [qr/(.+? @ $time_ap\{\d+\}\n$line)/ => {
            fields => [qw(description)],
          }],
        ],
      },
    }],
  ],
}
"
http://www.lefthandbooks.org/lhbevents.html,v-lefthandbooks,Reg Exp,,"{
  once => [
    [qr/left hand events for $month $year/i => {
      fields => [qw(month year)],
    }],
  ],
  repeat => [
    [qr/-+?\n$month\. $day \($day_name\.\) @ $time_ap\: $line/si => {
      fields => [qw(none day day_name start_time summary)],
    }],
  ],
}
"
http://www.lincolnsroadhouse.com/hungry.html,v-lincolnsroad,Reg Exp,,"{
  pre_parse_html => sub {
    my($html) = @_;
    $$html =~ s/\:Pm/pm/ig;
    $$html =~ s/(>Sun: )/$1 3pm /ig;
    return;
  },
  once => [
    [qr/Start Times.*? $time_ap/i => {
      fields => [qw(start_time)],
    }]
  ],
  repeat => [
    [qr/\n$day_name\: $time_ap?\s*$month_day\n+$line/ => {
      fields => [qw(day_name start_time month_day summary)],
    }],
  ],
}
"
http://www.loladenver.com/Events/LiveMusic/tabid/636/Default.aspx,v-loladenver,Reg Exp,,"{
  default_values => {
    start_time => '2:30pm',
    end_time => '5:00pm',
  },
  repeat => [
    [qr/$month $day: (.+?)\n/ => {
      fields => [qw(month day summary)],
    }],
  ],
}
"
http://www.louisvilleco.gov/GOVERNMENT/BoardsCommissions/CulturalCouncil/CulturalCouncilEvents/tabid/393/Default.aspx,v-louisvilleco,Reg Exp,,"{
  once => [
    [qr/Time: $time_span/i => {
      fields => [qw(start_time end_time)],
    }],
  ],
  repeat => [
    [qr/$month $day \-\s*$line\s*$line/s => {
      fields => [qw(month day summary description)],
    }],
  ],
}
"
http://farmersmarketlouis.blogspot.com/,v-farmersmarketlouis,Reg Exp,,"{
  once => [
    [qr/$year sponsors/i => {
      fields => [qw(year)],
    }],
  ],
  repeat => [
    [qr/\*\*\s*$month $day $time_ap - $time_ap.*\n$line/ => {
      fields => [qw(month day start_time end_time summary)],
    }],
  ],
}
"
http://library.louisvilleco.gov/RESOURCES/EventCalendar/tabid/537/ModuleID/771/mctl/EventMonth/Default.aspx,v-library_louisvilleco,Reg Exp,,"{
  repeat => [
    [qr/(($time_ap - (.+?\})))/ => {
      fields => [qw(link url start_time summary)],
      follow_link => {
        once => [
          [qr/start date\/time\:\n$day_name, $month $day, $year $time_ap/i => {
            fields => [qw(day_name month day year start_time)],
          }],
          [qr/end date\/time\:\n$day_name, $month $day, $year $time_ap/i => {
            fields => [qw(day_name month day year end_time)],
          }],
          [qr/description:\n+$line/i => {
            fields => [qw(description)],
          }],
        ],
      },
    }],
  ],
}
"
http://www.luckypiepizza.com/lucky-pie-events.html,v-luckypiepizza,Reg Exp,,"{
  repeat => [
    [qr/(.+?)\-.*\s*$month $day @ $time_ap\n$line/ => {
      fields => [qw(summary month day start_time description)],
    }],
  ],
}
"
http://www.maryslakelodge.com/music.htm,v-maryslake,Reg Exp,,"{
  pre_parse_html => sub {
    my($html) = @_;
    $$html =~ s/(sun|mon|tues|wed|thurs),/$1, 7-10pm/ig || die();
    $$html =~ s/(fri|sat|sun),/$1, 8-11pm/ig || die();
    return;
  },

  repeat => [
    [qr/(\n)$day_name, $time_span $month\.? $day\:? $line/ => {
      fields => [qw(save day_name start_time end_time month day summary)],
    }],
  ],
}
"
http://www.mckinners.com/,v-mckinners,Reg Exp,,"{
  once => [
    [qr/live music starts at $time_ap/i => {
      fields => [qw(start_time)],
    }],
  ],
  repeat => [
    [qr/$month (\d+).+?- (.+?)\n$line/ => {
      fields => [qw(month day summary description)],
    }],
  ],
}
"
http://www.meadowlarkbar.com/calendar.htm,v-meadowlarkbar,Reg Exp,,"{
  once => [
    [qr/calendar of events for $month/i => {
      fields => [qw(month)],
    }],
  ],
  repeat => [
    [qr/$day\n$line\n/ => {
      fields => [qw(day summary)],
      follow_link => {
        once => [
          [qr/$month $day, $year .*?@ $time_ap/ => {
            fields => [qw(ignore ignore year start_time)],
          }],
        ],
      },
    }],
  ],
}
"
http://milehighmarketplace.com/en/Events/,v-milehighmarketplace,Reg Exp,,"{
  accept_event => {
    location => qr/marketplace stage/i,
  },
  repeat => [
    [qr/$day_name, $month $day\n(.+?) - (.+?)\n$time_ap - $time_ap/ => {
      fields => [qw(day_name month day summary location start_time end_time)],
    }],
  ],
}
"
http://www.millenniumfac.com/ArtistSeries.html,v-millennium,Reg Exp,,"{
  default_values => {
    start_time => '5:30pm',
  },
  repeat => [
    [qr/\n(.*?)\: $month $day\n+$line/ => {
      fields => [qw(summary month day description)],
    }],
  ],
}
"
http://www.minersalley.com/cgi-bin/calendar.pl?view=Month&style=List&view=Four-Week,v-minersalley,Reg Exp,,"{
  repeat => [
    [qr/$day_name, $month $day\{\d+\}\n\* $time_ap \:\n$line/ => {
      fields => [qw(day_name month day start_time summary)],
      follow_link => {
        once => [
          [qr/Description:\n$line/i => {
            fields => [qw(description)],
          }],
        ],
      },
    }],
  ],
}
"
http://www.nationalwestern.com/schedule/,v-nationalwestern,Reg Exp,,"{
  repeat => [
    [qr/(\n$day_name, $month $day, $year\n+)$time_ap\n(.*?)\n(.+?)\n(.+?)\n\n/s => {
      fields => [qw(save day_name month day year start_time summary location description)],
    }],
  ],
}
"
http://www.nissis.com/lmcalendar.html,v-nissis,Reg Exp,,"{
  repeat => [
    [qr/($month\s*>.*)/, {
      fields => ['link'],
      follow_link => {
        once => [
          [qr/$month\s+$year/, {
            fields => [qw(month year)],
          }],
        ],
        repeat => [
          [qr/(\n$day\s+)$time\s*\-\s*$time\s(.*?)(\n$time|\n$day\n|\nGathering Place)/s, {
            fields => [qw(save day start_time end_time_pm description save)],
            summary_from_description => qr/(?:^|\n)([^\n]+\{\d+\})\n/s,
          }],
        ],
      },
    }],
  ],
}
"
http://www.ogdentheatre.net/events.php,v-ogdentheatre,Reg Exp,,"{
  repeat => [
    [qr/\n((?:[^\n]+\n)+)$month $day, $year, $time_ap/ => {
      fields => [qw(summary month day year start_time)],
      follow_link => {
        once => [
          [qr/Websites\n+(?:[^\n]+?\{.*?\n+|\|\n+)+(.*?)Service and handling fees/is => {
            fields => [qw(description)],
          }],
        ],
      },
    }],
  ],
}
"
http://www.denverparamount.com/,v-denverparamount,Reg Exp,,"{
  repeat => [
    [qr/(.+?\})\n+.*?\n+.*?$day_name, $month $day, $year - $time_ap/ => {
      fields => [qw(summary day_name month day year start_time)],
    }],
    [qr/(.+?\})\n+(.+?) \/\/ $month $day, $year - $time_ap/ => {
      fields => [qw(summary description month day year start_time)],
    }],
  ],
}
"
http://www.pepsicenter.com/Calendar.aspx,v-pepsicenter,Reg Exp,,"{
  pre_parse_html => sub {
    my($html) = @_;
    $$html =~ s{(<img src=""/images/Calendar/ArrowNext.gif"")}{nextpage$1};
    return;
  },
  pager => {
    link => qr/(nextpage.*?)\n/i,
    page_count => 3,
  },
  repeat => [
    [qr/$day\n+$line/i => {
      fields => [qw(ignore summary)],
      follow_link => {
        once => [
          [qr/\nPrint\{.*?\n+(.*?)\nPepsi\{/is => {
            fields => [qw(description)],
          }],
          [qr/$day_name, $month $day, $time_ap/ => {
            fields => [qw(day_name month day start_time)],
          }],
        ],
      },
    }],
  ],
}
"
http://www.piperinn.com/Portals/0/Skins/piperindexnew//Events/tabid/53/Default.aspx,v-piperinn,Reg Exp,,"{
  once => [
    [qr/$month $year/ => {
      fields => [qw(month year)],
    }],
  ],
  repeat => [
    [qr/$day\nlive music\n$time_ap\n$line/i => {
      fields => [qw(day start_time summary)],
    }],
  ],
}
"
http://www.qspub.com/live_entertainment_calendar,v-qspub,Reg Exp,,"{
  repeat => [
    [qr/(\n$month\.? \d+) \& $day(\n(.+?)$time_ap\n)/ => {
      fields => [qw(save month day save summary start_time)],
    }],
    [qr/(\n)$month\.? $day.*?\n(.+?)$time_ap\n/ => {
      fields => [qw(save month day summary start_time)],
    }],
    [qr/\n$day_name $month $day (.+?)$time/ => {
      fields => [qw(day_name month day summary start_time_pm)],
    }],
  ],
}
"
http://www.redrocksonline.com/Calendar.aspx,v-redrocksonline,Reg Exp,,"{
  reject_event => {
    summary => qr/private event/i,
  },
  repeat => [
    [qr/$day_name, $month $day, $year\n$line\s*$time_ap/s => {
      fields => [qw(day_name month day year summary start_time)],
      follow_link => {
        once => [
          [qr/purchase tickets.*?:\n.+?\}\n+(.+?\n+.+?\n)/i => {
            fields => [qw(description)],
          }],
        ],
      },
    }],
  ],
}
"
http://www.rockbottom.com/denver-downtown/events,v-rockbottom_denverdowntown,Reg Exp,,"{
  default_values => {
    start_time => '6pm',
  },
  repeat => [
    [qr/$month $day:$line/ => {
      fields => [qw(month day summary)],
    }],
  ],
}
"
http://www.rocknsoulcafe.com/calendar/,v-rockandsoul,Reg Exp,,"{
  pager => {
    link => qr/\n(>>\{\d})\n/s,
    page_count => 3,
  },
  repeat => [
    [qr/$time_ap\s*\-\s*\nCLOSED/s => {
      fields => [],
    }],
    [qr/$time_ap\s*\-\s*\n$line/s => {
      fields => [qw(start_time summary)],
      follow_link => {
        once => [
          [qr/$month $day, $year/ => {
              fields => [qw(month day year)],
          }],
          [qr/description\: (.*?)\n\n/is => {
            fields => [qw(description)],
          }],
        ],
      },
    }],
  ],
}
"
http://www.littletonbarandgrill.com/events/Rox-Bar-Grill.htm,v-littletonbarandgrill,Reg Exp,,"{
  repeat => [
    [qr/(.+?)\n.+?\n+$month $day, $year @ $time_ap/ => {
      fields => [qw(summary month day year start_time)],
    }],
  ],
}
"
http://www.skylarklounge.com/cal.cfm,v-skylarklounge,Reg Exp,,"{
  repeat => [
    [qr/$day_name, $month $day, $year, $time_ap\n$line(?:$line(.*?})\n+(.*?)\n\n)?/ => {
      fields => [qw(day_name month day year start_time summary ignore url description)],
    }],
  ],
}
"
http://sparktheater.org/tickets/,v-sparktheater,Reg Exp,,"{
  repeat => [
    [qr/\d+ (.+?) $day_name $month $day @ $time_ap.+?\}\n+$line?\n+$line/ => {
      fields => [qw(summary day_name month day start_time ignore description)],
    }],
  ],
}
"
http://www.starbardenver.com/Star_Bar_Denver/Specials_and_Events.html,v-starbar,Reg Exp,,"{
  once => [
    [qr/(9)/ => {
      fields => [qw(start_time_pm)],
    }],
  ],
  repeat => [
    [qr{\n$day_name $month_day \- (.*?)(?:at $time)?\.?\n}i => {
      fields => [qw(day_name month_day summary start_time_pm)],
    }],
  ],
},
"
http://www.downtownlouisvilleco.com/street-faire/,v-steinbaugh,Reg Exp,,"{
  reject_event => {
    summary => qr/no fair/i,
  },
  once => [
    [qr/Music is (.*)? to (\d+)/i => {
      fields => [qw(start_time_pm end_time_pm)],
    }],
    [qr/Music $year/i => {
      fields => [qw(year)],
    }],
  ],
  repeat => [
    [qr/\n$month $day(.*?)\n\n(.*?)\n/s => {
      fields => [qw(month day summary description)],
    }],
  ],
}
"
http://www.sunrosecafe.com/,v-sunrose,Reg Exp,,"{
  reject_event => {
    summary => qr/\bTBA\b/i,
  },
  default_values => {
    start_time => '7pm',
  },
  repeat => [
    [qr/(Music Schedule.*\n+.*?)\s*$month\.?\s$day\s*\-?\s*(.*?)($month|\n)/ => {
      fields => [qw(save month day summary save)],
    }],
  ],
}
"
http://buffalorose.net/calendarmasters/top.html,v-buffalorose,Reg Exp,,"{
  repeat => [
    [qr/(($month).*?\n)/ => {
      fields => [qw(link month)],
      follow_link => {
        repeat => [
          [qr/\n$day\n((?:[^\n]+\n)+)(.*?)\n((?:[^\n]*$time_ap)|$day\n)/is => {
            fields => [qw(day summary description save start_time)],
          }],
        ],
      },
    }],
  ],
}
"
http://www.mychildsmuseum.org/calendar/Default.aspx,v-mychildsmuseum,Reg Exp,,"{
  repeat => [
    [qr/$line\s*$line\s*$day_name, $month $day, $year/s => {
      fields => [qw(summary description day_name month day year)],
      follow_link => {
        once => [
          [qr/$time_ap/ => {
            fields => [qw(start_time)],
          }],
        ],
      }
    }],
  ],
}
"
http://thedairy.frontgatetickets.com/,v-dairycenter,Reg Exp,,"{
  repeat => [
    [qr/$line\s*$month\s+$day\s+The Dairy Center/is => {
      fields => [qw(summary)],
      follow_link => {
        once => [
          [qr/PERFORMANCE INFO\s+$day_name,\s*$month\s*$day\s*Show at $time_ap/is => {
            fields => [qw(save month day start_time)],
          }],
          [qr/\n\n($line+)\n\n+PERFORMANCE INFO/i => {
            fields => [qw(description)],
          }],
        ],
      },
    }],
  ],
}
"
http://www.theorientaltheater.com/calendar/view,v-oriental,Reg Exp,,"{
  pager => {
    link => qr/\n($month.*?\{\d+\})/,
    page_count => 3,
  },
  repeat => [
    [qr/\n$line$time_ap/ => {
      fields => [qw(summary)],
      follow_link => {
        once => [
          [qr/\n$day_name, $month, $day\n+The Oriental.*?\n$time_ap.*?\n+(.*)/is => {
            fields => [qw(day_name month day start_time description)],
          }],
        ],
      },
    }],
  ],
}
"
http://www.theribhouse.com/center-stage,v-ribhouse,Reg Exp,,"{
  repeat => [
    [qr/\n([^\n]+)\n+$month\s+$day,?\s*$year\s+$time_span\n+([^\n]+\})/s => {
      fields => [qw(summary month day year start_time end_time url)],
    }],
    [qr/\n([^\n]+)\n+$day_name\s+$month\s+$day\s+$time_span\n+([^\n]+\})/s => {
      fields => [qw(summary day_name month day start_time end_time url)],
    }],
    [qr/\n([^\n]+)\n+$month\s+$day,\s*$year\s+$time_span/s => {
      fields => [qw(summary month day year start_time end_time)],
    }],
  ],
}
"
http://www.tavernhg.com/soiled_dove/shows?site=soiled_dove,v-soiled_dove,Reg Exp,,"{
  reject_event => {
    summary => qr/Tickets on Sale/i,
  },
  repeat => [
    [qr/Tickets on Sale.*\n(.+?\})/i => {
      fields => [qw(summary)],
      follow_link => {
        once => [
          [qr/Artist_website\n+$line/i => {
            fields => [qw(description)],
          }],
          [qr/Show: $time_ap/i => {
            fields => [qw(start_time)],
          }],
          [qr/$day_name, $month $day\n$line/i => {
            fields => [qw(day_name month day ignore)],
          }],
        ],
      },
    }],
    [qr/$day_name, $month $day\s*((.+?\}))/is => {
      fields => [qw(ignore ignore ignore link url)],
      follow_link => {
        once => [
          [qr/Artist_website\n+$line/i => {
            fields => [qw(description)],
          }],
          [qr/Show: $time_ap/i => {
            fields => [qw(start_time)],
          }],
          [qr/$day_name, $month $day\n$line/i => {
            fields => [qw(day_name month day summary)],
          }],
        ],
      },
    }],
  ],
}
"
http://www.thinmantavern.com/2011/06/its_time_for_summer_movie_seas.html,v-thinmantavern,Reg Exp,,"{
  default_values => {
    start_time => '7:30pm',
  },
  repeat => [
    [qr/$month $day \- (.+?)\n/ => {
      fields => [qw(month day summary)],
    }],
  ],
}
"
http://www.thewestendtavern.com/Events/LiveMusic/tabid/318/Default.aspx,v-westend,Reg Exp,,"{
  repeat => [
    [qr/(?:$month\s+)?$day\s+(.*?)\s*,\s*$time_ap(.*?)\n($month|$day|926 pearl)/is, {
      fields => [qw(month day summary start_time description save)],
    }],
  ],
}
"
http://www.townhallartscenter.com/concerts_events.asp,v-townhallartscenter,Reg Exp,,"{
  repeat => [
    [qr/$line\n*$day_name, $month $day, $year.*?\s*$time_ap\n+$line/s => {
      fields => [qw(summary day_name month day year start_time description)],
    }],
  ],
}
"
http://tridentcafe.com/concerts/,v-tridentcafe,Reg Exp,,"{
  repeat => [
    [qr/\n$month $day $time_ap (.+?)!!!(.*?)\n/ => {
      fields => [qw(month day start_time summary description)],
    }],
  ],
  pre_parse_html => sub {
     my($html) = @_;
     $$html =~ s{(<p><strong>.+?</strong>.+?<strong>.+?</strong>)}{$1!!!}mg;
     return;
  },
}
"
http://www.tutti103.com/Upcoming_Events.html,v-tutti103,Reg Exp,,"{
  reject_event => {
    description => qr/extended hours/i,
  },
  repeat => [
    [qr/$day_name.*?\s*$month $day\n+$line\n+(.+?)$time_ap\s*.*?\s*$time_ap/ => {
      fields => [qw(day_name month day summary description start_time end_time)],
    }],
  ],
}
"
http://www.twentyninthstreet.com/Events,v-twentyninthst,Reg Exp,,"{
  once => [
    [qr/\nTwenty Ninth Street LIVE\! Concert.*\n.*?\n$line/i => {
      fields => [qw(link)],
      follow_link => {

  once => [
    [qr/(6pm)/i => {
      fields => [qw(start_time)],
    }],
    [qr/\n(Twenty Ninth Street LIVE.*?)\n+$month $day, $year/i => {
      fields => [qw(description ignore ignore year)],
    }],
  ],
  repeat => [
    [qr/$month $day\s*\-\s*(.*?)\n(click here.*\})/ => {
      fields => [qw(month day summary url)],
    }],
  ],

      },
    }],
  ],


}
"
http://www.bouldercounty.org/pages/calendar.aspx,v-waldenponds,Reg Exp,,"{
  accept_event => {
    location => qr/Walden Ponds/i,
  },
  once => [
    [qr/\n$month $year\n/s => {
      fields => [qw(month year)],
    }],
  ],
  repeat => [
    [qr/\n$day\n$time_ap\n$line/ => {
      fields => [qw(day start_time summary)],
      follow_link => {
        once => [
          [qr/\nLocation\:\s+$line/is => {
            fields => [qw(location)],
          }],
          [qr/\nAdditional Information\:\s+(.*?)\n\n/is => {
            fields => [qw(description)],
          }],
        ],
      },
    }],
  ],
}
"
http://www.niwot.com/events/rhythm_on_the_rails/,v-niwot_rhythm,Reg Exp,,"{
  default_values => {
    start_time => '6:45pm',
    end_time => '8:45pm',
  },
  repeat => [
    [qr/($month)\n+\d+\/$day:\n(.+?\})\n$line?/ => {
      fields => [qw(save month day summary description)],
    }],
  ],
}
"
http://www.zephyrloungecolorado.com/LiveMusic.htm,v-zephyrlounge,Reg Exp,,"{
  once => [
    [qr/\n(9\s*pm)/i => {
      fields => [qw(start_time)],
    }],
  ],
  reject_event => {
    summary => qr/T.\s*B.\s*A/i,
  },
  repeat => [
    [qr/\n$day_name, $month $day\n+$line(.*?)(\n$day_name|\nLive Music)/is => {
      fields => [qw(day_name month day summary description save)],
    }],
  ],
}
"
http://boulderchamberorchestra.org/concerts.html,,Reg Exp,,"{
  location_to_venue => {
    qr/first cong/i => 'firstcongregational',
    qr/broomfield auditorium/i => 'broomfieldauditorium',
    qr/first baptist/i => 'firstbaptist',
    qr/first presb/i => 'firstpresbyterian',
    qr/montview/i => 'montviewpresbyterian',
    qr/saint john/i => 'stjohns',
    qr/first united method/i => 'firstunited',
    qr/jefferson unitarian/i => 'jeffersonunitarian',
  },
  repeat => [
    [qr/(MORE DETAILS.*\})/i => {
      fields => [qw(link)],
      follow_link => {
        once => [
          [qr/(Boulder Chamber .*?)\n/ => {
            fields => [qw(summary)],
          }],
          [qr/classical music Boulder, Colorado\n+(.*?)\n$day_name/s => {
            fields => [qw(description)],
          }],
        ],
        repeat => [
          [qr/$day_name, $month $day, $year at $time_ap\n$line/ => {
            fields => [qw(day_name month day year start_time location)],
          }],
        ],
      },
    }],
  ],
}
"
http://calendar.botanicgardens.org/calendar,,Reg Exp,,"{
  pager => {
    link => qr/\n($month.*?\{\d+\})\n/,
    page_count => 2,
  },
  reject_event => {
    summary => qr/(free day)|cancelled/i,
  },
  location_to_venue => {
    qr/denver botanic gardens at chatfield/i => 'botanicgardens_chatfield',
    qr/denver botanic gardens/i => 'botanicgardens',
  },
  repeat => [
    [qr/(.+?\})\n$time_ap\s*@ $line/ => {
      fields => [qw(summary ignore location)],
      follow_link => {
        once => [
          [qr/$month $day, $time_ap\s*-\s*$time_ap\n/ => {
            fields => [qw(month day start_time end_time)],
          }],
          [qr/\nDenver Botanic.*?\n(.*?)\npress/is => {
            fields => [qw(description)],
          }],
          [qr/\nMore Information.*?\n+(.*?)\npress/is => {
            fields => [qw(description)],
          }],
        ],
      },
    }],
  ],
}
"
http://events.swallowhill.com/Default.asp,,Reg Exp,,"{
  pre_parse_html => sub {
    my($html) = @_;
    # Javascript:popUp('EventDetail','performancedetailpopup.asp?evt=1767', 400, 480,'no','yes','no','no')
    # http://events.swallowhill.com/performancedetailpopup.asp?evt=1767
    $$html =~ s{""Javascript\:popUp[^""]+?(evt=\d+).*?""}{/performancedetailpopup.asp?$1}g;
    return;
  },
  pager => {
    link => qr/(Next \>\{\d+\})\n/i,
    page_count => '4',
  },
  reject_event => {
    summary => qr/discount/i,
  },
  location_to_venue => {
    qr/daniel/i => 'swallowhill_danielshall',
    qr/tuft/i => 'swallowhill_tufttheatre',
    qr/four mile/i => 'fourmilepark',
    qr/cafe/i => 'swallowhill_cafe',
  },
  repeat => [
    [qr/$line\n+$day_name $date\n$time_ap .*\n$line/ => {
      fields => [qw(summary day_name date start_time location)],
      follow_link => {
        once => [
          [qr/Performance Date.*?\n+(Presented.*?\n+|[^\n]+Presents\n+)?$line\n+(.*)?\nClose\{/is => {
            fields => [qw(ignore ignore description)],
          }],
        ],
      },
    }],
  ],
}
"
http://www.boulderbachfestival.org/index.php/site/calendar/,,Reg Exp,bachfestival_scraper,"{
  location_to_venue => {
    qr/Atonement Lutheran/i => 'atonementluthern',
    qr/First United Methodist/i => 'firstunited',
    qr/St. John/i => 'stjohns',
    qr/First Congre/i => 'firstcongregational',
    qr/Grace Lutheran/i => 'gracelutheran',
    qr/Mountain View/i => 'mountainview',
    qr/St. Andrew/i => 'standrews',
  },
  once => [
    [qr/(Boulder Bach Festival)/i => {
      fields => [qw(summary)],
    }],
  ],
  repeat => [
    [qr/$day_name, $month $day, $year at $time_ap\n+($line)/is => {
      fields => [qw(day_name month day year start_time link url)],
      follow_link => {
          once => [
            [qr/contact us\n.*?$day_name,.*?\n+(($line\n*$line+))/is => {
              fields => [qw(ignore description location)],
            }],
          ],
      },
    }],
  ],
}
"
http://www.boulderdowntown.com/do/bands-on-the-bricks22,,Reg Exp,,"{
  location_to_venue => {
    qr/pearl/i => 'pearlst',
  },
  once => [
    [qr/(Pearl Street)/i => {
      fields => [qw(location)],
    }],
    [qr/\n+([^\n]+)\n+Date: $day_name $month $day, $year/ => {
      fields => [qw(description none none none year)],
    }],
    [qr/Time:\s*$time_span/i => {
      fields => [qw(start_time end_time)],
    }],
  ],
  repeat => [
    [qr/\n(.*?)\- $day_name, $month $day/ => {
      fields => [qw(summary day_name month day)],
    }],
  ],
}
"
http://www.boulderdowntown.com/do/noon-tunes21,,Reg Exp,,"{
  location_to_venue => {
    qr/pearl/i => 'pearlst',
  },
  once => [
    [qr/(pearl)/i => {
      fields => [qw(location)],
    }],
    [qr/\nTime: $time_span\n/i => {
      fields => [qw(start_time end_time)],
    }],
    [qr/\n(Lunchtime concerts .*?)\n/i => {
      fields => [qw(description)],
    }],
  ],
  repeat => [
    [qr/\n$month $day\n+$line/ => {
      fields => [qw(month day summary)],
    }],
  ],
}
"
http://www.coclubs.com/calendar/,,Reg Exp,,"{
  pager => {
    link => qr/format\?\n+.+?\n+($line)/i,
    page_count => 2,
  },
  reject_event => {
    summary => qr/(Ladies|Femmes) Night|beat the clock|climax|happy hour/i,
  },
  location_to_venue => {
    qr/Vinyl/i => 'coclubs_vinyl',
    qr/Church/i => 'coclubs_thechurch',
    qr/Buddha/i => 'coclubs_funkybuddha',
    qr/2am/i => 'coclubs_2am',
    qr/Bar Standard/i => 'coclubs_barstandard',
    qr/City Hall/i => 'coclubs_cityhall',
    qr/Milk/i => 'coclubs_milk',
    qr/Mo's/i => 'coclubs_mos',
    qr/Living Room/i => 'coclubs_livingroom',
  },
  repeat => [
    [qr/$line\n+$day_name $month $day\n+$line/ => {
      fields => [qw(summary day_name month day location)],
      follow_link => {
        once => [
          [qr/$day_name, $month $day\n+$time_ap/ => {
            fields => [qw(ignore ignore ignore start_time)],
          }],
          [qr/\/\/ \d+\+\n+(.*?)\n(Select Tickets|Artists Appearing)/is => {
            fields => [qw(description)],
          }],
        ],
      },
    }],
  ],
}
"
http://www.comusic.org/myadmin/Calendar/calendar_month_listing.asp?CalendarID=2714&NavPageID=69016,,Reg Exp,,"{
  location_to_venue => {
    qr/chautauqua/i => 'chautauqua',
    qr/rembrandt/i => 'rembrandtyard',
  },
  reject_event => {
    description => qr/^$/,
  },
  repeat => [
    [qr/\n(.*?\})\n+$day_name, $month $day, $year\: $time_ap - $time_ap/ => {
      fields => [qw(summary day_name month day year start_time end_time)],
      follow_link => {
        once => [
          [qr/Location\:\n$line/ => {
            fields => [qw(location)],
          }],
          [qr/Notes:\n(.*)?BUY NOW/is => {
            fields => [qw(description)],
          }],
          [qr/BUY NOW.*?\n+([^\n].*)\nStart\:/is => {
            fields => [qw(description)],
          }],
        ],
      },
    }],
  ],
}
"
http://www.denvermusicvenues.com/events/Soda-Jerk-Presents.htm,,Reg Exp,,"{
  pager => {
    link => qr/\|\n($month\{\d+\})/,
    page_count => 2,
  },
  location_to_venue => {
    qr/sheep/i => 'denvermusicvenues_sheep',
    qr/marquis/i => 'denvermusicvenues_marquis',
    qr/summit/i => 'denvermusicvenues_summit',
  },
  repeat => [
    [qr/$month $day, $year\n+(.+?\})/ => {
      fields => [qw(month day year summary)],
      follow_link => {
        once => [
          [qr/door time.*?$time_ap/i => {
            fields => [qw(start_time)],
          }],
          [qr/you are at $line/i => {
            fields => [qw(location)],
          }],
          [qr/buy tickets.*?\n+.*?\n+(.+?)\n\[view all events/is => {
            fields => [qw(description)],
          }],
        ],
      },
    }],
  ],
}
"
http://www.oskarblues.com/tunes/muisc-calendar,,Reg Exp,oskar_scraper,"{
  pre_parse_html => sub {
    my($html) = @_;
    die('missing year')
      unless $$html =~ /.*?(\w+) (20\d{2})</;
    my($month, $year) = ($1, $2);
    $month = b_use('Scraper.RegExp')->month_as_int($month);
    $month++;
    if ($month > 12) {
      $month = 1;
      $year++;
    }
    my($next_url) = ""http://www.oskarblues.com/?eme_ajaxCalendar=true&calmonth=$month&calyear=$year&full=1&long_events=0&category=0&author=&contact_person=&location_id="";
    die('next link')
      unless $$html =~ s/(href="")#("">&gt;&gt;<)/$1$next_url$2/;
    return;
  },
  pager => {
    link => qr/\n(>>\{\d+\})/i,
    page_count => 3,
  },
  location_to_venue => {
    qr/grill/i => 'oskargrill',
    qr/liquids/i => 'oskarliquids',
    qr/weasel/i => 'oskarweasel',
  },
  once => [
    [qr/\n$month $year\n/ => {
      fields => [qw(month year)],
    }],
  ],
  repeat => [
    [qr/\n(.*?})\n\((.*?)\)/ => {
      fields => [qw(summary location)],
      follow_link => {
        once => [
          [qr/From\: $time_ap to $time_ap on $month, $day $year\n+$line+\n+$line/i => {
            fields => [qw(start_time end_time month day year ignore description)],
          }],
        ],
      },
    }],
  ],
}
"
http://www.thewalnutroom.com/calendar,,Reg Exp,,"{
  location_to_venue => {
    qr/The Walnut Room/i => 'thewalnutroom',
    qr/The Walnut Room Pizzeria/i => 'thewalnutroompizzeria',
  },
  pager => {
    link => qr/(\w+ ->.*?\})/i,
    page_count => 2,
  },
  reject_event => {
    summary => qr/@/,
  },
  repeat => [
    [qr/((.+?\}))\n$time_ap\@ (.+?)\n/ => {
      fields => [qw(url link start_time location)],
      follow_link => {
        once => [
          [qr/$day_name, $month $day/ => {
            fields => [qw(day_name month day)],
          }],
          [qr/(.+?) on \d+\/\d+\/\d+ at The Walnut Room.*\n/i => {
            fields => [qw(summary ignore)],
          }],
          [qr/$time_ap\n+$line\n+(.+?) @ the pizzeria.+?\n/i => {
            fields => [qw(ignore ignore summary)],
          }],
          [qr/(\(read more\)\{\d+\})/i => {
            fields => [qw(link)],
            follow_link => {
              once => [
                [qr/add to favorites.*?\n+(.*?)\nHome\{/is => {
                  fields => [qw(description)],
                }],
              ],
            },
          }],
        ],
      },
    }],
  ],
}
"
