Ski Hi 5,v-fandango_aakiy,http://www.fandango.com/alamosaskihi5_aakiy/theaterpage,http://www.fandango.com/alamosaskihi5_aakiy/theaterpage,,719.589.4471,7089 W Highway 60,,Alamosa,CO,81101,US,37.5401920,-106.0498790
Elvis Cinemas,v-fandango_aasvm,http://www.fandango.com/arvadaelviscinemas_aasvm/theaterpage,http://www.fandango.com/arvadaelviscinemas_aasvm/theaterpage,,303.948.5555,5157 W. 64th Ave.,,Arvada,CO,80003,US,39.81281650,-105.05330230
Landmark Theatre's  Olde Town 14,v-fandango_aacjn,http://www.fandango.com/arvadalandmarktheatresoldetown14_aacjn/theaterpage,http://www.fandango.com/arvadalandmarktheatresoldetown14_aacjn/theaterpage,,303.420.6266,5550 Wadsworth Blvd. Located on W. 55th Ave. and Wadsworth,,Arvada,CO,80002,US,39.79075660,-105.08496870
Landmark Theatre's Olde Town Stadium 14,v-fandango_aawey,http://www.fandango.com/arvadalandmarktheatresoldetownstadium14_aawey/theaterpage,http://www.fandango.com/arvadalandmarktheatresoldetownstadium14_aawey/theaterpage,,303.352.1916,5550 Wadsworth Blvd. Located on W. 55th Ave. and Wadsworth,,Arvada,CO,80002,US,39.79075660,-105.08496870
Carmike Stage 3 Theatre,v-fandango_aalcc,http://www.fandango.com/aspencarmikestage3theatre_aalcc/theaterpage,http://www.fandango.com/aspencarmikestage3theatre_aalcc/theaterpage,,970.925.2048,625 E. Main St.,,Aspen,CO,81611,US,39.1897830,-106.8162940
Isis Theater,v-fandango_aaoor,http://www.fandango.com/aspenisistheater_aaoor/theaterpage,http://www.fandango.com/aspenisistheater_aaoor/theaterpage,,970.925.7584,406 E. Hopkins Ave.,,Aspen,CO,81611,US,39.189840,-106.8191560
AMC Arapahoe Crossing 16,v-fandango_aaewn,http://www.fandango.com/auroraamcarapahoecrossing16_aaewn/theaterpage,http://www.fandango.com/auroraamcarapahoecrossing16_aaewn/theaterpage,,303.766.7200,6696 S. Parker Road Located on Parker and Arapahoe Roads,,Aurora,CO,80016,US,39.58150710,-104.71709540
AMC Seven Hills 10,v-fandango_aaalr,http://www.fandango.com/auroraamcsevenhills10_aaalr/theaterpage,http://www.fandango.com/auroraamcsevenhills10_aaalr/theaterpage,,303.439.2262,18605 E. Hampden Ave.,,Aurora,CO,80013,US,39.6531790,-104.7702520
AMC Southlands 16,v-fandango_aatxu,http://www.fandango.com/auroraamcsouthlands16_aatxu/theaterpage,http://www.fandango.com/auroraamcsouthlands16_aatxu/theaterpage,,303.627.5430,23955 E Plaza Ave.,,Aurora,CO,80016,US,39.6065470,-104.7088230
Aurora Plaza 8 Cinemas,v-fandango_aapmj,http://www.fandango.com/auroraauroraplaza8cinemas_aapmj/theaterpage,http://www.fandango.com/auroraauroraplaza8cinemas_aapmj/theaterpage,,303.364.0726,777 Peoria St.,,Aurora,CO,80011,US,39.7270910,-104.8487120
Buckingham Mall Cinema,v-fandango_aaeeq,http://www.fandango.com/aurorabuckinghammallcinema_aaeeq/theaterpage,http://www.fandango.com/aurorabuckinghammallcinema_aaeeq/theaterpage,,303.306.0948,1390 South Havana,,Aurora,CO,80012,US,39.69202840,-104.86593960
Century Aurora 16,v-fandango_aajni,http://www.fandango.com/auroracenturyaurora16_aajni/theaterpage,http://www.fandango.com/auroracenturyaurora16_aajni/theaterpage,,303.363.0300,14300 E. Alameda Ave.,,Aurora,CO,80012,US,39.71103900000001,-104.8215450
Cinema Grill,v-fandango_aabyq,http://www.fandango.com/auroracinemagrill_aabyq/theaterpage,http://www.fandango.com/auroracinemagrill_aabyq/theaterpage,,303.344.3456,13682 E. Alameda Ave.,,Aurora,CO,80013,US,39.71107180,-104.82875780
The Movie Tavern at Seven Hills,v-fandango_aaufx,http://www.fandango.com/aurorathemovietavernatsevenhills_aaufx/theaterpage,http://www.fandango.com/aurorathemovietavernatsevenhills_aaufx/theaterpage,,303.680.9913,18305 E. Hampden Ave.,,Aurora,CO,80013,US,39.65311750,-104.77497120
Boedecker Theater,v-fandango_aawie,http://www.fandango.com/boulderboedeckertheater_aawie/theaterpage,http://www.fandango.com/boulderboedeckertheater_aawie/theaterpage,,303.440.7826,The Dairy Center for the Arts,,Boulder,CO,80302,US,,
Boulder Public Library,v-fandango_aaqsn,http://www.fandango.com/boulderboulderpubliclibrary_aaqsn/theaterpage,http://www.fandango.com/boulderboulderpubliclibrary_aaqsn/theaterpage,,303.441.3197,1000 Canyon Blvd.,,Boulder,CO,80302,US,40.01494810,-105.28101790
Boulder Theatre,v-fandango_aaqso,http://www.fandango.com/boulderbouldertheatre_aaqso/theaterpage,http://www.fandango.com/boulderbouldertheatre_aaqso/theaterpage,,303.786.7030,2034 14th St.,,Boulder,CO,80302,US,40.01862020,-105.27740480
Century Boulder,v-fandango_aauni,http://www.fandango.com/bouldercenturyboulder_aauni/theaterpage,http://www.fandango.com/bouldercenturyboulder_aauni/theaterpage,,303.444.0583,1700 29th Street,,Boulder,CO,80302,US,,
International Film Series,v-fandango_aatej,http://www.fandango.com/boulderinternationalfilmseries_aatej/theaterpage,http://www.fandango.com/boulderinternationalfilmseries_aatej/theaterpage,,303.492.1531,Muenzinger Auditorium on CU Campus,,Boulder,CO,80309,US,40.01032470,-105.28897260
Landmark's Crossroads Cinema,v-fandango_aardp,http://www.fandango.com/boulderlandmarkscrossroadscinema_aardp/theaterpage,http://www.fandango.com/boulderlandmarkscrossroadscinema_aardp/theaterpage,,303.443.3511,2985 Pearl St,,Boulder,CO,80301,US,40.02242240,-105.25828530
UA Village 4,v-fandango_aacts,http://www.fandango.com/boulderuavillage4_aacts/theaterpage,http://www.fandango.com/boulderuavillage4_aacts/theaterpage,,303.443.8233,2525 Arapahoe E-65,,Boulder,CO,80302,US,40.0150620,-105.2604740
AMC Showplace Brighton 12,v-fandango_aatiq,http://www.fandango.com/brightonamcshowplacebrighton12_aatiq/theaterpage,http://www.fandango.com/brightonamcshowplacebrighton12_aatiq/theaterpage,,888.AMC.4FUN,250 Pavilions Place,,Brighton,CO,80601,US,39.9826240,-104.8233470
AMC Flatiron Crossing 14,v-fandango_aaqbw,http://www.fandango.com/broomfieldamcflatironcrossing14_aaqbw/theaterpage,http://www.fandango.com/broomfieldamcflatironcrossing14_aaqbw/theaterpage,,303.790.4262,61 W. Flatiron Circle,,Broomfield,CO,80021,US,39.92962810,-105.13708040
Sands Theatre,v-fandango_aalbw,http://www.fandango.com/brushsandstheatre_aalbw/theaterpage,http://www.fandango.com/brushsandstheatre_aalbw/theaterpage,,970.842.2466,211 Clayton St.,,Brush,CO,80723,US,40.25579150,-103.62299210
Creekside Cinema,v-fandango_aavex,http://www.fandango.com/canoncitycreeksidecinema_aavex/theaterpage,http://www.fandango.com/canoncitycreeksidecinema_aavex/theaterpage,,719.275.3240,127 Justice Center Road,,Canon City,CO,81212,US,38.4461220,-105.1848640
Royal Gorge 2,v-fandango_aakcg,http://www.fandango.com/canoncityroyalgorge2_aakcg/theaterpage,http://www.fandango.com/canoncityroyalgorge2_aakcg/theaterpage,,719.275.7225,302 16th Street,,Canon City,CO,81212,US,38.448180,-105.2250520
Royal Gorge Cinema 2,v-fandango_aatei,http://www.fandango.com/canoncityroyalgorgecinema2_aatei/theaterpage,http://www.fandango.com/canoncityroyalgorgecinema2_aatei/theaterpage,,719.275.7225,302 North 16th,,Canon City,CO,81212,US,38.448180,-105.2250520
Skyline Theatre,v-fandango_aamsc,http://www.fandango.com/canoncityskylinetheatre_aamsc/theaterpage,http://www.fandango.com/canoncityskylinetheatre_aamsc/theaterpage,,719.269.3190,606 Main Street,,Canon City,CO,81212,US,38.44122220,-105.239220
Crystal Theatre,v-fandango_aamwa,http://www.fandango.com/carbondalecrystaltheatre_aamwa/theaterpage,http://www.fandango.com/carbondalecrystaltheatre_aamwa/theaterpage,,970.963.0633,427 Main Street,,Carbondale,CO,81623,US,39.4006070,-107.21175530
Movieland 7,v-fandango_aakcv,http://www.fandango.com/carbondalemovieland7_aakcv/theaterpage,http://www.fandango.com/carbondalemovieland7_aakcv/theaterpage,,970.920.1300,"218 East Valley Rd, Ste 300",,Carbondale,CO,81623,US,39.39108210,-107.08647290
AMC Castle Rock 12,v-fandango_aatti,http://www.fandango.com/castlerockamccastlerock12_aatti/theaterpage,http://www.fandango.com/castlerockamccastlerock12_aatti/theaterpage,,303.814.0783,Meadows Pkwy & Prairie Hawk Dr. 3960 Limelight Ave.,,Castle Rock,CO,80109,US,39.40854550,-104.8754960
Hollywood Theaters - SouthGlenn Stadium 14,v-fandango_aavry,http://www.fandango.com/centennialhollywoodtheaterssouthglennstadium14_aavry/theaterpage,http://www.fandango.com/centennialhollywoodtheaterssouthglennstadium14_aavry/theaterpage,,720.931.6002,6901 S. Vine St. The Streets At SouthGlenn,,Centennial,CO,80122,US,39.5912910,-104.9649230
Carmike 10,v-fandango_aajvz,http://www.fandango.com/coloradospringscarmike10_aajvz/theaterpage,http://www.fandango.com/coloradospringscarmike10_aajvz/theaterpage,,719.573.0256,1550 Pulsar Drive,,Colorado Springs,CO,80916,US,38.8099660,-104.7564510
Carmike Chapel Hills 15,v-fandango_aajvw,http://www.fandango.com/coloradospringscarmikechapelhills15_aajvw/theaterpage,http://www.fandango.com/coloradospringscarmikechapelhills15_aajvw/theaterpage,,719.531.5142,1710 Briargate Blvd. #15 In the Chapel Hills Mall,,Colorado Springs,CO,80920,US,38.94529650,-104.79597460
Cinemark Carefree Circle and IMAX,v-fandango_aapdk,http://www.fandango.com/coloradospringscinemarkcarefreecircleandimax_aapdk/theaterpage,http://www.fandango.com/coloradospringscinemarkcarefreecircleandimax_aapdk/theaterpage,,719.596.2173,3305 Cinema Point,,Colorado Springs,CO,80922,US,38.8809280,-104.716530
Cinemark Tinseltown USA and XD,v-fandango_aaiqk,http://www.fandango.com/coloradospringscinemarktinseltownusa_aaiqk/theaterpage,http://www.fandango.com/coloradospringscinemarktinseltownusa_aaiqk/theaterpage,,719.576.5082,1545 E. Cheyenne Mountain Blvd.,,Colorado Springs,CO,80906,US,38.7906420,-104.7989220
Hollywood Theaters - Interquest Stadium 14,v-fandango_aauvw,http://www.fandango.com/coloradospringshollywoodtheatersinterqueststadium14_aauvw/theaterpage,http://www.fandango.com/coloradospringshollywoodtheatersinterqueststadium14_aauvw/theaterpage,,and.I.25,,,,,,US,,
Kimballs Twin Peak Theatres,v-fandango_aamsd,http://www.fandango.com/coloradospringskimballstwinpeaktheatres_aamsd/theaterpage,http://www.fandango.com/coloradospringskimballstwinpeaktheatres_aamsd/theaterpage,,719.447.1945,115 E. Pikes Peak Ave.,,Colorado Springs,CO,80903,US,38.83367450,-104.82272080
Picture Show at Citadel Crossing,v-fandango_aavby,http://www.fandango.com/coloradospringspictureshowatcitadelcrossing_aavby/theaterpage,http://www.fandango.com/coloradospringspictureshowatcitadelcrossing_aavby/theaterpage,,719.380.7469,901 North Academy Blvd.,,Colorado Springs,CO,80909,US,38.8458830,-104.7556040
88 Drive-In Theatre,v-fandango_aaaud,http://www.fandango.com/commercecity88driveintheatre_aaaud/theaterpage,http://www.fandango.com/commercecity88driveintheatre_aaaud/theaterpage,,303.287.7717,East 88th Ave. And Rosemary St,,Commerce City,CO,80022,US,39.8562470,-104.89958530
Allen Fiesta Theatre,v-fandango_aakpu,http://www.fandango.com/cortezallenfiestatheatre_aakpu/theaterpage,http://www.fandango.com/cortezallenfiestatheatre_aakpu/theaterpage,,970.565.7380,21 W. Main Street,,Cortez,CO,81321,US,37.3486250,-108.58581990
West 2 Theatres,v-fandango_aamwb,http://www.fandango.com/craigwest2theatres_aamwb/theaterpage,http://www.fandango.com/craigwest2theatres_aamwb/theaterpage,,970.824.2000,29 E. Victory Way,,Craig,CO,81625,US,40.51432290,-107.54697420
Majestic 3 Theatres,v-fandango_aamwc,http://www.fandango.com/crestedbuttemajestic3theatres_aamwc/theaterpage,http://www.fandango.com/crestedbuttemajestic3theatres_aamwc/theaterpage,,970.349.8955,507 Red Lady Avenue,,Crested Butte,CO,81224,US,38.86618210,-106.98249220
Egyptian Theatre,v-fandango_aakcl,http://www.fandango.com/deltaegyptiantheatre_aakcl/theaterpage,http://www.fandango.com/deltaegyptiantheatre_aakcl/theaterpage,,970.874.9770,452 Main Street,,Delta,CO,81416,US,38.74119430,-108.07070850
Tru Vu Drive-In,v-fandango_aamwe,http://www.fandango.com/deltatruvudrivein_aamwe/theaterpage,http://www.fandango.com/deltatruvudrivein_aamwe/theaterpage,,970.874.9556,1001 Highway 92,,Delta,CO,81416,US,38.75171110,-108.05621610
AMC Cherry Creek 8,v-fandango_aaadr,http://www.fandango.com/denveramccherrycreek8_aaadr/theaterpage,http://www.fandango.com/denveramccherrycreek8_aaadr/theaterpage,,303.393.0530,3000 East First Avenue Located in the Cherry Creek Mall,,Denver,CO,80206,US,39.72710210,-104.95640840
Chez Artiste,v-fandango_aabvd,http://www.fandango.com/denverchezartiste_aabvd/theaterpage,http://www.fandango.com/denverchezartiste_aabvd/theaterpage,,303.757.7164,4150 E. Amherst Ave.,,Denver,CO,80222,US,39.66537810,-104.93921990
Denver FilmCenter/Colfax,v-fandango_aawfm,http://www.fandango.com/denverdenverfilmcentercolfax_aawfm/theaterpage,http://www.fandango.com/denverdenverfilmcentercolfax_aawfm/theaterpage,,720.596.4740,2510 East Colfax,,Denver,CO,80205,US,39.7396320,-105.0188680
Denver Museum of Nature & Science IMAX,v-fandango_aaqgr,http://www.fandango.com/denverdenvermuseumofnature26scienceimax_aaqgr/theaterpage,http://www.fandango.com/denverdenvermuseumofnature26scienceimax_aaqgr/theaterpage,,303.322.7009,2001 Colorado Boulevard,,Denver,CO,80205,US,39.74769840,-104.9422420
Elvis Cinemas Tiffany Plaza 6,v-fandango_aavjk,http://www.fandango.com/denverelviscinemastiffanyplaza6_aavjk/theaterpage,http://www.fandango.com/denverelviscinemastiffanyplaza6_aavjk/theaterpage,,303.948.5555,7400 E. Hampden Ave,,Denver,CO,80231,US,39.65308750,-104.89864430
Esquire Theatre,v-fandango_aabvb,http://www.fandango.com/denveresquiretheatre_aabvb/theaterpage,http://www.fandango.com/denveresquiretheatre_aabvb/theaterpage,,303.733.9939,590 Downing St.,,Denver,CO,80218,US,39.7254010,-104.9727850
Harkins Northfield 18,v-fandango_aatyg,http://www.fandango.com/denverharkinsnorthfield18_aatyg/theaterpage,http://www.fandango.com/denverharkinsnorthfield18_aatyg/theaterpage,,303.595.4275,8300 E. Northfield Blvd.,,Denver,CO,80238,US,39.78518970,-104.89189840
Mayan Theatre,v-fandango_aabvc,http://www.fandango.com/denvermayantheatre_aabvc/theaterpage,http://www.fandango.com/denvermayantheatre_aabvc/theaterpage,,303.744.6799,110 Broadway,,Denver,CO,80203,US,39.71847530,-104.98745580
Neighborhood Flix,v-fandango_aauql,http://www.fandango.com/denverneighborhoodflix_aauql/theaterpage,http://www.fandango.com/denverneighborhoodflix_aauql/theaterpage,,303.325.7826,2510 E Colfax Ave,,Denver,CO,80206,US,39.74005830,-104.95690010
Oriental Theatre,v-fandango_aarlt,http://www.fandango.com/denverorientaltheatre_aarlt/theaterpage,http://www.fandango.com/denverorientaltheatre_aarlt/theaterpage,,720.420.0030,4335 W. 44th Avenue,,Denver,CO,80212,US,39.776650,-105.0435880
Regal Continental Stadium 10 & RPX,v-fandango_aaaev,http://www.fandango.com/denverregalcontinentalstadium1026rpx_aaaev/theaterpage,http://www.fandango.com/denverregalcontinentalstadium1026rpx_aaaev/theaterpage,,303.758.6732,3635 S. Monaco Pkwy.,,Denver,CO,80237,US,39.6507460,-104.9151650
Regency Tamarac Square,v-fandango_aaadt,http://www.fandango.com/denverregencytamaracsquare_aaadt/theaterpage,http://www.fandango.com/denverregencytamaracsquare_aaadt/theaterpage,,303.368.9200,7777 E. Hampden Ave.,,Denver,CO,80231,US,39.65312260,-104.89864420
Rock Island,v-fandango_aaqnf,http://www.fandango.com/denverrockisland_aaqnf/theaterpage,http://www.fandango.com/denverrockisland_aaqnf/theaterpage,,303.572.7625,1614 15th Street,,Denver,CO,80202,US,39.75050250,-105.00171030
Starz FilmCenter at the Tivoli,v-fandango_aaalw,http://www.fandango.com/denverstarzfilmcenteratthetivoli_aaalw/theaterpage,http://www.fandango.com/denverstarzfilmcenteratthetivoli_aaalw/theaterpage,,303.893.3456,900 Auraria Parkway,,Denver,CO,80204,US,39.7452840,-105.0058540
The Bug Theatre,v-fandango_aavuy,http://www.fandango.com/denverthebugtheatre_aavuy/theaterpage,http://www.fandango.com/denverthebugtheatre_aavuy/theaterpage,,720.276.9922,3654 Navajo St.,,Denver,CO,80211,US,39.76785490,-105.00402480
Tiffany Park Movies 6,v-fandango_aapnh,http://www.fandango.com/denvertiffanyparkmovies6_aapnh/theaterpage,http://www.fandango.com/denvertiffanyparkmovies6_aapnh/theaterpage,,303.221.1645,7400 E Hampden Ave,,Denver,CO,80231,US,39.65308750,-104.89864430
UA Colorado Center Stadium 9 & IMAX,v-fandango_aafxw,http://www.fandango.com/denveruacoloradocenterstadium926imax_aafxw/theaterpage,http://www.fandango.com/denveruacoloradocenterstadium926imax_aafxw/theaterpage,,303.757.8665,2000 S. Colorado Blvd.,,Denver,CO,80222,US,39.68078560,-104.93730780
UA Denver Pavilions Stadium 15,v-fandango_aajjg,http://www.fandango.com/denveruadenverpavilions15_aajjg/theaterpage,http://www.fandango.com/denveruadenverpavilions15_aajjg/theaterpage,,303.454.9086,500 16th St.,,Denver,CO,80202,US,39.7438180,-104.991330
Trans-Lux Skyline Cinema,v-fandango_aanpw,http://www.fandango.com/dillontransluxskylinecinema_aanpw/theaterpage,http://www.fandango.com/dillontransluxskylinecinema_aanpw/theaterpage,,970.468.6355,312 U.S. Highway 6,,Dillon,CO,80435,US,39.67541020,-105.87212190
Rocket Drive-In,v-fandango_aamwi,http://www.fandango.com/durangorocketdrivein_aamwi/theaterpage,http://www.fandango.com/durangorocketdrivein_aamwi/theaterpage,,970.247.0833,26126 Highway 160,,Durango,CO,81301,US,37.2260330,-107.8620850
Storyteller Durango Stadium 9,v-fandango_aamwg,http://www.fandango.com/durangostorytellerdurangostadium9_aamwg/theaterpage,http://www.fandango.com/durangostorytellerdurangostadium9_aamwg/theaterpage,,970.247.9760,900 Durango Rd.,,Durango,CO,81301,US,37.33246110,-107.80375240
Trans-Lux Gaslight Cinemas,v-fandango_aamwh,http://www.fandango.com/durangotransluxgaslightcinemas_aamwh/theaterpage,http://www.fandango.com/durangotransluxgaslightcinemas_aamwh/theaterpage,,970.247.9766,102 E. Fifth St.,,Durango,CO,81301,US,37.26889650,-107.88207560
Capitol Theatre-Eagle,v-fandango_aatep,http://www.fandango.com/eaglecapitoltheatreeagle_aatep/theaterpage,http://www.fandango.com/eaglecapitoltheatreeagle_aatep/theaterpage,,970.328.5709,1140 Capitol Street,,Eagle,CO,81631,US,39.65006310,-106.82659320
Riverwalk Theatre,v-fandango_aajyx,http://www.fandango.com/edwardsriverwalktheatre_aajyx/theaterpage,http://www.fandango.com/edwardsriverwalktheatre_aajyx/theaterpage,,970.476.5661,34253 US Highway 6,,Edwards,CO,81632,US,39.64358450,-106.59317640
UA Greenwood Plaza Stadium 12,v-fandango_aaazn,http://www.fandango.com/englewooduagreenwoodplaza12_aaazn/theaterpage,http://www.fandango.com/englewooduagreenwoodplaza12_aaazn/theaterpage,,303.741.2606,8141 E. Arapahoe Road,,Englewood,CO,80112,US,39.59660440,-104.89436380
Historic Park Theatre,v-fandango_aarpi,http://www.fandango.com/estesparkhistoricparktheatre_aarpi/theaterpage,http://www.fandango.com/estesparkhistoricparktheatre_aarpi/theaterpage,,970.586.8904,130 Moraine Ave.,,Estes Park,CO,80517,US,40.3754750,-105.523360
Stanley Village 3 Theatres,v-fandango_aamwj,http://www.fandango.com/estesparkstanleyvillage3theatres_aamwj/theaterpage,http://www.fandango.com/estesparkstanleyvillage3theatres_aamwj/theaterpage,,970.586.4227,543 Big Thompson Ave.,,Estes Park,CO,80517,US,40.37904510,-105.51562630
AMC Bergen Park 7,v-fandango_aaffd,http://www.fandango.com/evergreenamcbergenpark7_aaffd/theaterpage,http://www.fandango.com/evergreenamcbergenpark7_aaffd/theaterpage,,303.670.5041,1204 Bergen Parkway Located at Evergreen Pkwy and Bergen Pkwy,,Evergreen,CO,80439,US,39.68854760,-105.3614230
Carmike 10,v-fandango_aakag,http://www.fandango.com/fortcollinscarmike10_aakag/theaterpage,http://www.fandango.com/fortcollinscarmike10_aakag/theaterpage,,970.204.9733,3636 Manhattan Ave.,,Fort Collins,CO,80526,US,40.5366680,-105.0814640
Cinemark Fort Collins,v-fandango_aaosz,http://www.fandango.com/fortcollinscinemarkfortcollins_aaosz/theaterpage,http://www.fandango.com/fortcollinscinemarkfortcollins_aaosz/theaterpage,,970.377.0782,4721 South Timberline Rd,,Fort Collins,CO,80525,US,,
Holiday Twin Drive-In,v-fandango_aamwl,http://www.fandango.com/fortcollinsholidaytwindrivein_aamwl/theaterpage,http://www.fandango.com/fortcollinsholidaytwindrivein_aamwl/theaterpage,,970.221.1244,2206 S. Overland Trail,,Fort Collins,CO,80522,US,40.5572310,-105.1307480
Lyric Cinema Cafe,v-fandango_aaumc,http://www.fandango.com/fortcollinslyriccinemacafe_aaumc/theaterpage,http://www.fandango.com/fortcollinslyriccinemacafe_aaumc/theaterpage,,970.493.0893,300 E. Mountain Ave,,Fort Collins,CO,80524,US,40.58722490,-105.07359580
Carmike Mall 3 Theatres,v-fandango_aakan,http://www.fandango.com/glenwoodspringscarmikemall3theatres_aakan/theaterpage,http://www.fandango.com/glenwoodspringscarmikemall3theatres_aakan/theaterpage,,970.945.1400,51027 Hwy 6 & 24,,Glenwood Springs,CO,81601,US,47.61832370,-93.77135880
Springs Theatre,v-fandango_aaten,http://www.fandango.com/glenwoodspringsspringstheatre_aaten/theaterpage,http://www.fandango.com/glenwoodspringsspringstheatre_aaten/theaterpage,,970.945.4000,915 Grand Ave.,,Glenwood Springs,CO,81601,US,39.54468550,-107.32491960
UA Denver West Village Stadium 12,v-fandango_aadvd,http://www.fandango.com/goldenuadenverwestvillagestadium12_aadvd/theaterpage,http://www.fandango.com/goldenuadenverwestvillagestadium12_aadvd/theaterpage,,303.278.1943,14225 W. Colfax Ave.,,Golden,CO,80401,US,39.73587020,-105.15864820
Mount Hollywood Cinema,v-fandango_aatem,http://www.fandango.com/granbymounthollywoodcinema_aatem/theaterpage,http://www.fandango.com/granbymounthollywoodcinema_aatem/theaterpage,,970.887.2222,61000 US Hwy 40,,Granby,CO,80446,US,40.079870,-105.9300340
Carmike 7,v-fandango_aaljv,http://www.fandango.com/grandjunctioncarmike7_aaljv/theaterpage,http://www.fandango.com/grandjunctioncarmike7_aaljv/theaterpage,,970.245.6883,590 24 1/2 Rd.,,Grand Junction,CO,81505,US,39.0909170,-108.5975790
Cinema at the Avalon,v-fandango_aatca,http://www.fandango.com/grandjunctioncinemaattheavalon_aatca/theaterpage,http://www.fandango.com/grandjunctioncinemaattheavalon_aatca/theaterpage,,970.243.7033,645 Main Street,,Grand Junction,CO,81501,US,39.0670,-108.5615160
Regal Canyon View Stadium 14,v-fandango_aauef,http://www.fandango.com/grandjunctionregalcinemascanyonviewstadium14_aauef/theaterpage,http://www.fandango.com/grandjunctionregalcinemascanyonviewstadium14_aauef/theaterpage,,970.248.3612,648 Market Street,,Grand Junction,CO,81505,US,39.09802699999999,-108.6045910
The Historic Avalon Theatre,v-fandango_aavgi,http://www.fandango.com/grandjunctionthehistoricavalontheatre_aavgi/theaterpage,http://www.fandango.com/grandjunctionthehistoricavalontheatre_aavgi/theaterpage,,970.263.5700,645 Main Street,,Grand Junction,CO,81501,US,39.0670,-108.5615160
UA Colorado West 4,v-fandango_aambz,http://www.fandango.com/grandjunctionuacoloradowest4_aambz/theaterpage,http://www.fandango.com/grandjunctionuacoloradowest4_aambz/theaterpage,,970.241.4216,2424 Highway 6 & 50,,Grand Junction,CO,81505,US,29.73731540,-95.64422820
UA Teller Arms Twin,v-fandango_aamby,http://www.fandango.com/grandjunctionuatellerarmstwin_aamby/theaterpage,http://www.fandango.com/grandjunctionuatellerarmstwin_aamby/theaterpage,,970.242.1004,2401 North Avenue,,Grand Junction,CO,81501,US,39.0764430,-108.5367590
Carmike 5,v-fandango_aalju,http://www.fandango.com/greeleycarmike5_aalju/theaterpage,http://www.fandango.com/greeleycarmike5_aalju/theaterpage,,970.330.5141,2495 W. 28th,,Greeley,CO,80631,US,40.39314490,-104.7214780
Cinemark Greeley,v-fandango_aarlq,http://www.fandango.com/greeleycinemarkgreeley_aarlq/theaterpage,http://www.fandango.com/greeleycinemarkgreeley_aarlq/theaterpage,,970.353.4361,2160 Greeley Mall,,Greeley,CO,80631,US,40.38863290,-104.70919530
The Kress Cinema and Lounge,v-fandango_aavam,http://www.fandango.com/greeleythekresscinemaandlounge_aavam/theaterpage,http://www.fandango.com/greeleythekresscinemaandlounge_aavam/theaterpage,,970.515.5717,817 8th Ave.,,Greeley,CO,80631,US,40.42423260,-104.69099750
UA Bittersweet 4,v-fandango_aahtq,http://www.fandango.com/greeleyuabittersweet4_aahtq/theaterpage,http://www.fandango.com/greeleyuabittersweet4_aahtq/theaterpage,,970.353.0130,3760 W. 10th St.,,Greeley,CO,80634,US,40.42232940,-104.74173110
UA Cooper Twin,v-fandango_aahtr,http://www.fandango.com/greeleyuacoopertwin_aahtr/theaterpage,http://www.fandango.com/greeleyuacoopertwin_aahtr/theaterpage,,970.330.8484,2333 W 28th St.,,Greeley,CO,80632,US,40.39331460,-104.7192540
Landmark Theatre Greenwood Village,v-fandango_aauqi,http://www.fandango.com/greenwoodvillagelandmarktheatregreenwoodvillage_aauqi/theaterpage,http://www.fandango.com/greenwoodvillagelandmarktheatregreenwoodvillage_aauqi/theaterpage,,303.352.1908,5415 Landmark Place,,Greenwood Village,CO,80111,US,39.61822690,-104.90091960
Flick Twin Theatres,v-fandango_aamwd,http://www.fandango.com/gunnisonflicktwintheatres_aamwd/theaterpage,http://www.fandango.com/gunnisonflicktwintheatres_aamwd/theaterpage,,970.349.7570,909 N. Wisconsin,,Gunnison,CO,81230,US,38.55387899999999,-106.9283840
AMC Highlands Ranch 24,v-fandango_aaecm,http://www.fandango.com/highlandsranchamchighlandsranch24_aaecm/theaterpage,http://www.fandango.com/highlandsranchamchighlandsranch24_aaecm/theaterpage,,303.790.4262,103 Centennial Rd.,,Highlands Ranch,CO,80129,US,39.560110,-104.9922320
Peerless Movies,v-fandango_aappt,http://www.fandango.com/holyokepeerlessmovies_aappt/theaterpage,http://www.fandango.com/holyokepeerlessmovies_aappt/theaterpage,,970.854.3545,212 S Inter Ocean Ave,,Holyoke,CO,80734,US,40.58443690,-102.30241030
Century 16 Bel Mar and XD,v-fandango_aarmq,http://www.fandango.com/lakewoodcentury16belmarandxd_aarmq/theaterpage,http://www.fandango.com/lakewoodcentury16belmarandxd_aarmq/theaterpage,,303.935.3238,S. Teller and W. Alameda Ave.,,Lakewood,CO,80226,US,39.71100670,-105.07683850
UA Colorado Mills Stadium 16 & IMAX,v-fandango_aaqqk,http://www.fandango.com/lakewooduacoloradomillsstadium1626giantscreen_aaqqk/theaterpage,http://www.fandango.com/lakewooduacoloradomillsstadium1626giantscreen_aaqqk/theaterpage,,303.590.1630,14500 West Colfax Ave.,,Lakewood,CO,80401,US,39.7333230,-105.1572470
Lamar Theatre,v-fandango_aappu,http://www.fandango.com/lamarlamartheatre_aappu/theaterpage,http://www.fandango.com/lamarlamartheatre_aappu/theaterpage,,719.336.5737,219 S. Main Street,,Lamar,CO,81052,US,38.08752420,-102.61898140
Lincoln Theatre,v-fandango_aalbx,http://www.fandango.com/limonlincolntheatre_aalbx/theaterpage,http://www.fandango.com/limonlincolntheatre_aalbx/theaterpage,,715.775.2114,245 E Ave,,Limon,CO,80828,US,39.26209940,-103.68791050
AMC Bowles Crossing 12,v-fandango_aabat,http://www.fandango.com/littletonamcbowlescrossing12_aabat/theaterpage,http://www.fandango.com/littletonamcbowlescrossing12_aabat/theaterpage,,303.973.9251,8035 W. Bowles Ave. Located on Bowles and Wadsworth,,Littleton,CO,80123,US,39.61660370,-105.06743170
Elvis Cinemas,v-fandango_aaovg,http://www.fandango.com/littletonelviscinemas_aaovg/theaterpage,http://www.fandango.com/littletonelviscinemas_aaovg/theaterpage,,303.948.5555,6014 S. Kipling,,Littleton,CO,80127,US,39.60848190,-105.10986560
UA Meadows Stadium 12,v-fandango_aajjh,http://www.fandango.com/littletonuameadows12_aajjh/theaterpage,http://www.fandango.com/littletonuameadows12_aajjh/theaterpage,,303.706.1833,9355 Park Meadows Drive,,Littleton,CO,80124,US,39.5553460,-104.8830840
UA Twin Peaks 10,v-fandango_aahtu,http://www.fandango.com/longmontuatwinpeaks10_aahtu/theaterpage,http://www.fandango.com/longmontuatwinpeaks10_aahtu/theaterpage,,303.651.2434,1250 S. Hover Road,,Longmont,CO,80501,US,40.1436110,-105.12964150
Regal Colony Square Stadium 12,v-fandango_aabnq,http://www.fandango.com/louisvilleregalcolonysquarestadium12_aabnq/theaterpage,http://www.fandango.com/louisvilleregalcolonysquarestadium12_aabnq/theaterpage,,303.926.0661,1164 W. Dillon Road Located on  Hwy 36 / Louisville exit,,Louisville,CO,80027,US,39.9777630,-105.13192960
Trans-Lux Metrolux 12,v-fandango_aahtv,http://www.fandango.com/lovelandtransluxmetrolux12_aahtv/theaterpage,http://www.fandango.com/lovelandtransluxmetrolux12_aahtv/theaterpage,,970.593.1881,6085 Sky Pond Dr.,,Loveland,CO,80538,US,40.41049830,-104.98779790
Star Drive-In,v-fandango_aappv,http://www.fandango.com/montevistastardrivein_aappv/theaterpage,http://www.fandango.com/montevistastardrivein_aappv/theaterpage,,719.852.2613,2830 US Highway 160,,Monte Vista,CO,81144,US,37.5811550,-106.2049620
Vali Theatre,v-fandango_aakut,http://www.fandango.com/montevistavalitheatre_aakut/theaterpage,http://www.fandango.com/montevistavalitheatre_aakut/theaterpage,,970.852.2811,139 Adams St.,,Monte Vista,CO,81144,US,37.57967420,-106.14694850
Fox Cinema Center,v-fandango_aatco,http://www.fandango.com/montrosefoxcinemacenter_aatco/theaterpage,http://www.fandango.com/montrosefoxcinemacenter_aatco/theaterpage,,970.249.8211,27 S. Cascade Ave.,,Montrose,CO,81401,US,38.4791970,-107.8758470
San Juan Cinema,v-fandango_aavuf,http://www.fandango.com/montrosesanjuancinema_aavuf/theaterpage,http://www.fandango.com/montrosesanjuancinema_aavuf/theaterpage,,970.252.9096,1869 E. Main St.,,Montrose,CO,81401,US,38.48834280,-107.85777730
Red Rocks Amphitheatre,v-fandango_aarai,http://www.fandango.com/morrisonredrocksamphitheatre_aarai/theaterpage,http://www.fandango.com/morrisonredrocksamphitheatre_aarai/theaterpage,,,18300 W. Alameda Parkway,,Morrison,CO,80465,US,39.66773999999999,-105.2089690
Liberty Theatre,v-fandango_aakuu,http://www.fandango.com/pagosaspringslibertytheatre_aakuu/theaterpage,http://www.fandango.com/pagosaspringslibertytheatre_aakuu/theaterpage,,970.264.4578,418 N. Pagosa Blvd.,,Pagosa Springs,CO,81147,US,37.25725660,-107.08636760
Paradise Theatre,v-fandango_aakuq,http://www.fandango.com/paoniaparadisetheatre_aakuq/theaterpage,http://www.fandango.com/paoniaparadisetheatre_aakuq/theaterpage,,970.527.6610,215 Grand Ave.,,Paonia,CO,81428,US,38.86799999999999,-107.5970
AMC Twenty Mile 10,v-fandango_aaqps,http://www.fandango.com/parkeramctwentymile10_aaqps/theaterpage,http://www.fandango.com/parkeramctwentymile10_aaqps/theaterpage,,303.840.2551,18625 E. Stage Run Road Located  on Main Street at Dransfeldt in Parker,,Parker,CO,80134,US,39.51860020,-104.76136330
Wildlife Experience Iwerks Theater,v-fandango_aaqmk,http://www.fandango.com/parkerwildlifeexperienceiwerkstheater_aaqmk/theaterpage,http://www.fandango.com/parkerwildlifeexperienceiwerkstheater_aaqmk/theaterpage,,of.I.25,,,,,,US,,
Cinemark Tinseltown,v-fandango_aaiql,http://www.fandango.com/pueblocinemarktinseltown_aaiql/theaterpage,http://www.fandango.com/pueblocinemarktinseltown_aaiql/theaterpage,,719.562.9053,4140 North Freeway Eagleridge Shopping Center,,Pueblo,CO,81008,US,38.25444720,-104.60914090
Mesa Drive-In,v-fandango_aamsb,http://www.fandango.com/pueblomesadrivein_aamsb/theaterpage,http://www.fandango.com/pueblomesadrivein_aamsb/theaterpage,,719.542.3345,2700 Santa Fe Drive,,Pueblo,CO,81006,US,38.24549250,-104.56334010
Rifle Creek Theatre,v-fandango_aatel,http://www.fandango.com/rifleriflecreektheatre_aatel/theaterpage,http://www.fandango.com/rifleriflecreektheatre_aatel/theaterpage,,970.625.2323,132 E. 4th Street,,Rifle,CO,81650,US,39.5328260,-107.7824820
Grand Theatre,v-fandango_aappw,http://www.fandango.com/rockyfordgrandtheatre_aappw/theaterpage,http://www.fandango.com/rockyfordgrandtheatre_aappw/theaterpage,,719.254.6006,405 S Main St,,Rocky Ford,CO,81067,US,38.05120429999999,-103.72088750
Storyville Cinema,v-fandango_aaonw,http://www.fandango.com/salidastoryvillecinema_aaonw/theaterpage,http://www.fandango.com/salidastoryvillecinema_aaonw/theaterpage,,719.539.7002,135 West First Street,,Salida,CO,81201,US,38.53658410,-105.99247040
Cinderella City Drive-In,v-fandango_aaauc,http://www.fandango.com/sheridancinderellacitydrivein_aaauc/theaterpage,http://www.fandango.com/sheridancinderellacitydrivein_aaauc/theaterpage,,303.761.8232,3400 S. Platte River Dr.,,Sheridan,CO,80110,US,39.6549410,-105.0035780
Regal River Point Stadium 14,v-fandango_aavkz,http://www.fandango.com/sheridanregalriverpointstadium14_aavkz/theaterpage,http://www.fandango.com/sheridanregalriverpointstadium14_aavkz/theaterpage,,303.761.6651,3565 S. Platte River Drive,,Sheridan,CO,80110,US,39.6527420,-105.0087090
Capitol Theatre,v-fandango_aalce,http://www.fandango.com/springfieldcapitoltheatre_aalce/theaterpage,http://www.fandango.com/springfieldcapitoltheatre_aalce/theaterpage,,719.523.4161,149 E 9th Ave,,Springfield,CO,81073,US,37.40513220,-102.61589870
Carmike Chief Plaza 4,v-fandango_aajsc,http://www.fandango.com/steamboatspringscarmikechiefplaza4_aajsc/theaterpage,http://www.fandango.com/steamboatspringscarmikechiefplaza4_aajsc/theaterpage,,970.879.0183,813 Lincoln,,Steamboat Springs,CO,80477,US,40.48625699999999,-106.8351960
Wildhorse Stadium Cinemas,v-fandango_aatzt,http://www.fandango.com/steamboatspringswildhorsestadiumcinemas_aatzt/theaterpage,http://www.fandango.com/steamboatspringswildhorsestadiumcinemas_aatzt/theaterpage,,970.870.8222,US HWY 40 and Mt. Wener Road,,Steamboat Springs,CO,80487,US,40.45989230,-106.82222340
Fox 5 Theatre,v-fandango_aapqj,http://www.fandango.com/sterlingfox4_aapqj/theaterpage,http://www.fandango.com/sterlingfox4_aapqj/theaterpage,,970.522.1719,313 Poplar St,,Sterling,CO,80751,US,40.62525260,-103.20824330
Starlight Drive-In,v-fandango_aapqk,http://www.fandango.com/sterlingstarlightdrivein_aapqk/theaterpage,http://www.fandango.com/sterlingstarlightdrivein_aapqk/theaterpage,,970.522.0211,16653 Hwy 14,,Sterling,CO,80751,US,40.62366740,-103.26447250
The Nugget Theater,v-fandango_aateh,http://www.fandango.com/telluridethenuggettheater_aateh/theaterpage,http://www.fandango.com/telluridethenuggettheater_aateh/theaterpage,,970.728.3030,207 West Colorado Ave.,,Telluride,CO,81435,US,37.93745190,-107.81186430
Cinebarre,v-fandango_aauze,http://www.fandango.com/thorntoncinebarre_aauze/theaterpage,http://www.fandango.com/thorntoncinebarre_aauze/theaterpage,,303.457.1700,10001 Grant St,,Thornton,CO,80229,US,39.8789550,-104.9849830
Cinebarre Thornton Town Center,v-fandango_aaakn,http://www.fandango.com/thorntoncinebarrethorntontowncenter_aaakn/theaterpage,http://www.fandango.com/thorntoncinebarrethorntontowncenter_aaakn/theaterpage,,303.457.1700,10001 Grant St.,,Thornton,CO,80229,US,39.8789550,-104.9849830
Fox Theatre,v-fandango_aakcs,http://www.fandango.com/trinidadfoxtheatre_aakcs/theaterpage,http://www.fandango.com/trinidadfoxtheatre_aakcs/theaterpage,,719.846.2851,423 W. Main St,,Trinidad,CO,81082,US,37.16724760,-104.50869180
Movie Picture Show House,v-fandango_aansb,http://www.fandango.com/trinidadmoviepictureshowhouse_aansb/theaterpage,http://www.fandango.com/trinidadmoviepictureshowhouse_aansb/theaterpage,,719.846.0552,3600 E. Main St,,Trinidad,CO,81082,US,37.18885119999999,-104.47718240
Cascade Village Theater,v-fandango_aaplz,http://www.fandango.com/vailcascadevillagetheater_aaplz/theaterpage,http://www.fandango.com/vailcascadevillagetheater_aaplz/theaterpage,,970.476.5661,1310 Westhaven Dr.,,Vail,CO,81657,US,39.63734190,-106.40339890
Crossroads Cinema,v-fandango_aateo,http://www.fandango.com/vailcrossroadscinema_aateo/theaterpage,http://www.fandango.com/vailcrossroadscinema_aateo/theaterpage,,970.476.5661,141 E. Meadow Drive,,Vail,CO,81657,US,39.64214710,-106.37509130
AMC Orchard 12 Theatres,v-fandango_aauun,http://www.fandango.com/westminsteramcorchard12theatres_aauun/theaterpage,http://www.fandango.com/westminsteramcorchard12theatres_aauun/theaterpage,,888.262.4386,14653 Orchard Parkway,,Westminster,CO,80023,US,39.96151880,-104.99384330
AMC Westminster Promenade 24,v-fandango_aaecn,http://www.fandango.com/westminsteramcwestminsterpromenade24_aaecn/theaterpage,http://www.fandango.com/westminsteramcwestminsterpromenade24_aaecn/theaterpage,,303.439.7014,10655 Westminster Blvd.,,Westminster,CO,80020,US,39.889690,-105.07225690
Westminster 5,v-fandango_aaaly,http://www.fandango.com/westminsterwestminster5_aaaly/theaterpage,http://www.fandango.com/westminsterwestminster5_aaaly/theaterpage,,303.412.8785,5991 W. 88th Ave.,,Westminster,CO,80030,US,39.85659070,-105.06281690
Westminster 6,v-fandango_aaalx,http://www.fandango.com/westminsterwestminster6_aaalx/theaterpage,http://www.fandango.com/westminsterwestminster6_aaalx/theaterpage,,303.412.5502,5523 W. 88th Ave.,,Westminster,CO,80030,US,39.85650980,-105.05765640
Silver Screen Cinema,v-fandango_aarbi,http://www.fandango.com/winterparksilverscreencinema_aarbi/theaterpage,http://www.fandango.com/winterparksilverscreencinema_aarbi/theaterpage,,970.726.5390,Winter Park,,Winter Park,CO,80482,US,39.89017470,-105.7618920
Cliff Theatre,v-fandango_aakup,http://www.fandango.com/wrayclifftheatre_aakup/theaterpage,http://www.fandango.com/wrayclifftheatre_aakup/theaterpage,,970.332.4337,420 Main St.,,Wray,CO,80758,US,40.07736290,-102.22195350
